Wikipedia ID,Movie Name,Year,Character Name,Count,Full name,Normalized_name,Mean Difference,Influenced,Wikipedia_movie_ID,Genres
451866,mission: impossible ii,2000,Ethan,18,Ethan Hunt,ETHAN,15725.466666666667,1,451866.0,"Thriller, Action Thrillers, Action/Adventure, Glamorized Spy Film, Action, Spy"
633411,the avengers,1998,Emma,15,Emma Peel,EMMA,14985.966666666667,1,633411.0,"Thriller, Adventure, Action/Adventure, Comedy, Action, Spy"
3727473,man on fire,1987,Samantha,4,"Samantha ""Sam"" Balletto",SAMANTHA,14453.5,1,3727473.0,"Thriller, Action, Drama, Indie"
347000,suspiria,1977,Sarah,15,Sarah,SARAH,14372.466666666667,1,347000.0,"Horror, World cinema, Supernatural, Gothic Film, Cult, Coming of age, Slasher"
320401,barton fink,1991,Taylor,3,Audrey Taylor,TAYLOR,13892.1,1,320401.0,"Thriller, Indie, Comedy-drama, Mystery, Period piece, Drama, Comedy, Black comedy"
1048695,dracula,1979,Jonathan,6,Jonathan Harker,JONATHAN,13219.566666666668,1,1048695.0,Horror
142417,apollo 13,1995,Jack,8,Jack Swigert,JACK,12508.133333333337,1,142417.0,"History, Drama, Adventure"
268833,goldeneye,1995,Jack,4,Jack Wade,JACK,12508.133333333337,1,268833.0,"Thriller, Action Thrillers, Adventure, Action/Adventure, Glamorized Spy Film, Action, Spy"
167857,the usual suspects,1995,Jack,3,Jack Baer,JACK,12508.133333333337,1,167857.0,"Thriller, Ensemble Film, Mystery, Crime Fiction, Crime Thriller, Neo-noir"
52371,titanic,1997,Jack,27,Jack Dawson,JACK,12348.266666666668,1,52371.0,"Tragedy, Costume drama, Historical fiction, Action/Adventure, Period piece, Drama, Disaster, Romantic drama, Romance Film"
362719,superman,1978,Jonathan,2,Jonathan Kent's,JONATHAN,10878.166666666668,1,362719.0,"Science Fiction, Adventure, Superhero movie, Action/Adventure, Family Film, Action"
685977,sixteen candles,1984,Samantha,14,"Samantha ""Sam"" Baker",SAMANTHA,10643.533333333333,1,685977.0,"Romantic comedy, Cult, Coming of age, Comedy, Romance Film, Teen"
30327,the terminator,1984,Kyle,14,Kyle Reese,KYLE,10607.133333333331,1,30327.0,"Thriller, Science Fiction, Indie, Doomsday film, Stop motion, Action/Adventure, Time travel, Action"
99123,speed,1994,Jack,35,Jack Traven,JACK,10288.2,1,99123.0,"Thriller, Action/Adventure, Action, Crime Fiction, Adventure"
97646,die hard,1988,Alexander,2,Alexander,ALEXANDER,8733.633333333331,1,97646.0,"Crime Fiction, Thriller, Action, Action/Adventure"
724258,mission: impossible,1996,Ethan,33,Ethan Hunt,ETHAN,8677.6,1,724258.0,"Thriller, Action/Adventure, Action, Spy"
403227,the nightmare before christmas,1993,Jack,11,Jack assigns Lock,JACK,7885.366666666666,1,403227.0,
370064,love actually,2003,Mia,3,Mia  ,MIA,7789.1,1,370064.0,"Romantic comedy, Ensemble Film, Comedy-drama, Holiday Film, Drama, Comedy, Romance Film"
248222,the fast and the furious,2001,Mia,6,Mia,MIA,7618.633333333334,1,248222.0,"Crime Fiction, Thriller, Sports, Action/Adventure, Action, Auto racing"
17917662,the notebook,2004,Noah,24,Noah Calhoun,NOAH,6105.4,1,17917662.0,"Coming of age, Period piece, Drama, Film adaptation, Romantic drama, Romance Film"
34344124,terminator 2: judgment day,1991,Connor,12,John Connor,CONNOR,6015.1,1,34344124.0,"Thriller, Science Fiction, Doomsday film, Action/Adventure, Time travel, Action"
34344124,terminator 2: judgment day,1991,Connor,12,Sarah Connor,CONNOR,6015.1,1,34344124.0,"Thriller, Science Fiction, Doomsday film, Action/Adventure, Time travel, Action"
242539,an officer and a gentleman,1982,Zachary,28,"Zachary ""Zack""",ZACHARY,5966.7,1,242539.0,"Romantic drama, Romance Film, Drama"
168593,"good morning, vietnam",1987,Taylor,4,Taylor,TAYLOR,5762.7,1,168593.0,"Comedy-drama, Comedy, War film"
5735396,invasion of the body snatchers,1978,Elizabeth,13,Elizabeth Driscoll,ELIZABETH,5705.700000000001,1,5735396.0,"Thriller, Science Fiction, Remake, New Hollywood, Doomsday film"
1428048,the last of the mohicans,1992,Jack,2,Jack Winthrop,JACK,5517.866666666667,1,1428048.0,"Costume drama, War film, Period piece, Drama, Film adaptation, Romantic drama, Romance Film"
337740,bram stoker's dracula,1992,Jack,3,Jack Seward's,JACK,5517.866666666667,1,337740.0,"Thriller, Horror, Costume drama, Gothic Film, Cult, Period piece, Fantasy, Film adaptation, Drama, Romance Film, Costume Horror"
695266,lethal weapon 3,1992,Jack,16,Jack Travis,JACK,5517.866666666667,1,695266.0,"Thriller, Crime Fiction, Buddy film, Buddy cop, Action/Adventure, Comedy, Action Thrillers, Action"
6804043,gladiator,2000,Noah,4,Noah,NOAH,5492.799999999999,1,6804043.0,"Crime Fiction, Sports, Drama, Boxing, Teen"
3600824,a time to kill,1996,Harry,2,Harry Rex Vonner,HARRY,5064.366666666667,1,3600824.0,"Thriller, Crime Fiction, Drama"
5878044,picnic at hanging rock,1975,Sara,7,Believing Sara,SARA,5032.966666666666,1,5878044.0,"LGBT, Thriller, Horror, World cinema, Supernatural, Mystery, Period piece, Coming of age, Drama"
347000,suspiria,1977,Daniel,3,Daniel,DANIEL,4999.700000000001,1,347000.0,"Horror, World cinema, Supernatural, Gothic Film, Cult, Coming of age, Slasher"
2422489,yellow submarine,1968,Jeremy,5,Jeremy Hillary Boob,JEREMY,4999.266666666667,1,2422489.0,"Adventure, Animation, Musical, Fantasy, Comedy, Family Film"
32252,unbreakable,2000,Elijah,7,Elijah Price,ELIJAH,4881.5,1,32252.0,"Thriller, Science Fiction, Superhero movie, Supernatural, Psychological thriller, Superhero, Action/Adventure, Suspense"
20179415,halloween,1978,Lindsey,2,Lindsey Wallace,LINDSEY,4348.866666666667,1,20179415.0,"Thriller, Horror, Indie, Cult, Slasher, Teen"
129493,dead poets society,1989,Cameron,2,Charlie punches Cameron,CAMERON,4120.3,1,129493.0,"Ensemble Film, School story, Period piece, Drama, Coming of age, Teen"
26742350,the addams family,1991,Abigail,11,Abigail Craven,ABIGAIL,3876.333333333333,1,26742350.0,"Black comedy, Family Film, Fantasy, Comedy, Domestic Comedy"
666923,the lost world: jurassic park,1997,Owen,6,Nick Van Owen,OWEN,3865.2,1,666923.0,"Thriller, Science Fiction, Action, Adventure, Film adaptation"
113460,platoon,1986,Taylor,18,Chris Taylor,TAYLOR,3857.166666666667,1,113460.0,"Anti-war, Indie, Drama, War film, Action, Anti-war film, Combat Films"
445066,robocop,1987,Alex,6,Alex Murphy,ALEX,3639.9,1,445066.0,"Thriller, Crime Fiction, Science Fiction, Superhero movie, Stop motion, Action/Adventure, Satire, Action"
676909,the terminal,2004,Amelia,3,Amelia Warren,AMELIA,3591.133333333333,1,676909.0,"Romantic comedy, Comedy-drama, Drama, Comedy, Romantic drama, Romance Film, Comedy of Errors"
4560,braveheart,1995,Isabella,6,Isabella,ISABELLA,3563.166666666667,1,4560.0,"Biography, Adventure, History, War film, Action/Adventure, Period piece, Drama, Costume drama, Action"
1145761,where eagles dare,1968,Jonathan,8,Jonathan Smith,JONATHAN,3555.9,1,1145761.0,"Adventure, Roadshow theatrical release, Action/Adventure, Drama, War film, Action"
133574,unforgiven,1992,Logan,7,Ned Logan,LOGAN,3517.7,1,133574.0,"Western, Drama"
88326,ferris bueller's day off,1986,Cameron,6,Cameron Frye,CAMERON,3354.2,1,88326.0,"Cult, Drama, Coming of age, Comedy, Teen"
210151,"lock, stock and two smoking barrels",1998,Harry,9,"Harry ""The Hatchet"" Lonsdale's",HARRY,3336.266666666667,1,210151.0,"Thriller, Caper story, Crime Fiction, Buddy film, Crime Comedy"
5842075,fear and loathing in las vegas,1998,Lucy,5,Lucy,LUCY,3314.9,1,5842075.0,"Buddy film, Adventure, Absurdism, Road movie, Experimental film, Cult, Drama, Comedy, Black comedy, Avant-garde"
654530,legends of the fall,1994,Tristan,16,Tristan,TRISTAN,3297.966666666667,1,654530.0,"Family Drama, War film, Western, Period piece, Drama, Film adaptation, Romantic drama, Romance Film"
473273,jurassic park iii,2001,Ellie,3,Ellie Sattler,ELLIE,3286.666666666667,1,473273.0,"Thriller, Natural horror films, Science Fiction, Horror, Adventure, Action/Adventure, Monster, Action"
3600824,a time to kill,1996,Hailey,11,Carl Lee Hailey,HAILEY,3286.5,1,3600824.0,"Thriller, Crime Fiction, Drama"
3600824,a time to kill,1996,Hailey,3,Tonya Hailey,HAILEY,3286.5,1,3600824.0,"Thriller, Crime Fiction, Drama"
443972,hook,1991,Jack,5,Jack,JACK,3281.233333333333,1,443972.0,
30006,the silence of the lambs,1991,Jack,3,Jack Crawford,JACK,3281.233333333333,1,30006.0,"Thriller, LGBT, Horror, Psychological thriller, Crime Fiction, Suspense, Drama, Crime Thriller"
924771,the naked gun 2½: the smell of fear,1991,Quentin,4,Quentin Hapsburg,QUENTIN,3269.1,1,924771.0,"Parody, Comedy"
1627058,how to steal a million,1966,Nicole,7,Nicole Bonnet,NICOLE,3263.266666666667,1,1627058.0,"Crime Fiction, Romantic comedy, Crime Comedy, Heist, Caper story, Comedy, Romance Film"
407288,2 fast 2 furious,2003,Carter,4,Carter Verone,CARTER,3235.966666666667,1,407288.0,"Thriller, Crime Fiction, Action/Adventure, Crime Thriller, Action Thrillers, Action, Sports"
1277918,charlie and the chocolate factory,2005,Charlie,14,Charlie Bucket,CHARLIE,3171.7,1,1277918.0,
525314,shrek 2,2004,Lillian,2,Queen Lillian,LILLIAN,3073.6,1,525314.0,
11077335,doctor zhivago,1965,Tonya,2,Tonya Gromeko,TONYA,3025.466666666667,1,11077335.0,Costume drama
97758,doctor zhivago,1965,Tonya,3,Tonya Komarovskaya,TONYA,3025.466666666667,1,97758.0,"Roadshow theatrical release, Epic, Period piece, Drama, War film, Romantic drama, Romance Film"
394792,jackie brown,1997,Louis,8,Louis shot Melanie,LOUIS,2953.133333333333,1,394792.0,"Thriller, Crime Fiction, Indie, Action/Adventure, Blaxploitation, Drama, Comedy, Crime Thriller, Action"
716738,meet joe black,1998,William,19,"William ""Bill""",WILLIAM,2943.966666666667,1,716738.0,"Heaven-Can-Wait Fantasies, Mystery, Fantasy, Drama, Romantic drama, Romance Film, Romantic fantasy"
142049,minority report,2002,Leo,8,Leo Crow,LEO,2831.166666666667,1,142049.0,"Crime Fiction, Thriller, Science Fiction, Future noir, Chase Movie, Action/Adventure, Mystery, Drama, Dystopia, Film adaptation, Action, Film noir"
23808966,bill & ted's excellent adventure,1989,Logan,16,"Ted"" Theodore Logan",LOGAN,2695.166666666667,1,23808966.0,"Science Fiction, Buddy film, Adventure, Fantasy, Comedy, Time travel, Sci-Fi Adventure, Family Film, Teen"
219712,final destination,2000,Carter,6,Carter Horton,CARTER,2685.533333333333,1,219712.0,"Thriller, Horror, Supernatural, Cult, Slasher, Teen"
210151,"lock, stock and two smoking barrels",1998,Tom,7,Tom,TOM,2614.6,1,210151.0,"Thriller, Caper story, Crime Fiction, Buddy film, Crime Comedy"
301574,the little mermaid,1989,Ariel,27,Ariel spends,ARIEL,2508.0333333333338,1,301574.0,"Costume drama, Animation, Musical, Fantasy, Romance Film, Family Film"
186856,the omen,1976,Katherine,3,Katherine,KATHERINE,2308.4333333333334,1,186856.0,"Demonic child, Horror, Supernatural, Psychological thriller, Cult, Mystery"
312757,tron,1982,Kevin,15,Kevin Flynn,KEVIN,2235.900000000001,1,312757.0,"Cyberpunk, Thriller, Science Fiction, Adventure, Computer Animation, Family Film, Action"
99304,pearl harbor,2001,Evelyn,10,Evelyn Johnson,EVELYN,2195.466666666667,1,99304.0,"Action/Adventure, Period piece, Drama, War film, Romantic drama, Romance Film, Action, Airplanes and airports"
957359,the mummy returns,2001,Evelyn,6,Evelyn O'Connell,EVELYN,2195.466666666667,1,957359.0,"Thriller, Monster movie, Horror, Adventure, Supernatural, Costume drama, Costume Adventure, Creature Film, Action/Adventure, Fantasy, Adventure Comedy, Action"
237303,bruce almighty,2003,Nolan,25,Bruce Nolan,NOLAN,2145.733333333333,1,237303.0,"Heavenly Comedy, Drama, Comedy, Fantasy, Fantasy Comedy, Religious Film"
394792,jackie brown,1997,Max,11,Max Cherry,MAX,2115.733333333333,1,394792.0,"Thriller, Crime Fiction, Indie, Action/Adventure, Blaxploitation, Drama, Comedy, Crime Thriller, Action"
657446,liar liar,1997,Max,13,Max,MAX,2115.733333333333,1,657446.0,"Slapstick, Fantasy Comedy, Fantasy, Comedy, Domestic Comedy"
28327,stargate,1994,Jackson,20,Daniel Jackson,JACKSON,2108.866666666667,1,28327.0,"Thriller, Science Fiction, Action, Sci-Fi Adventure, Adventure"
179044,the jerk,1979,Marie,10,Marie knocks,MARIE,2107.666666666666,1,179044.0,"Music, Screwball comedy, Slapstick, Comedy, Absurdism"
204019,notting hill,1999,Max,2,Max,MAX,2056.266666666667,1,204019.0,"Romantic comedy, Romance Film, Comedy"
228355,the naked gun: from the files of police squad!,1988,Spencer,9,Jane Spencer,SPENCER,2019.2,1,228355.0,"Parody, Crime Fiction, Screwball comedy, Comedy, Romance Film, Action"
489800,rush hour,1998,Carter,22,Detective James Carter,CARTER,2012.2333333333336,1,489800.0,"Thriller, Crime Fiction, Action, Comedy"
725459,the exorcist,1973,Damien,10,Damien Karras,DAMIEN,1975.5333333333333,1,725459.0,"Demonic child, Horror, Supernatural, Psychological thriller, Cult, Drama, New Hollywood"
724258,mission: impossible,1996,Max,8,Max,MAX,1961.1,1,724258.0,"Thriller, Action/Adventure, Action, Spy"
28269,saving private ryan,1998,George,2,George Marshall,GEORGE,1917.8,1,28269.0,"Ensemble Film, History, Drama, War film, Action, Combat Films"
4846576,american psycho,2000,Evelyn,2,Evelyn,EVELYN,1876.3666666666663,1,4846576.0,"Thriller, Crime Thriller, Horror, Psychological thriller, Period piece, Satire, Drama, Comedy, Film adaptation, Crime Fiction, Black comedy, Slasher"
21180,natural born killers,1994,Owen,2,Owen Traft,OWEN,1841.4,1,21180.0,"Thriller, Crime Fiction, Crime Drama, Road movie, Drama, Media Satire, Romance Film"
666923,the lost world: jurassic park,1997,Carter,3,Carter,CARTER,1782.8,1,666923.0,"Thriller, Science Fiction, Action, Adventure, Film adaptation"
52371,titanic,1997,Dawson,27,Jack Dawson,DAWSON,1779.3666666666668,1,52371.0,"Tragedy, Costume drama, Historical fiction, Action/Adventure, Period piece, Drama, Disaster, Romantic drama, Romance Film"
52371,titanic,1997,Dawson,33,Rose Dawson Calvert,DAWSON,1779.3666666666668,1,52371.0,"Tragedy, Costume drama, Historical fiction, Action/Adventure, Period piece, Drama, Disaster, Romantic drama, Romance Film"
28269,saving private ryan,1998,Charlie,3,Charlie Company,CHARLIE,1770.8333333333337,1,28269.0,"Ensemble Film, History, Drama, War film, Action, Combat Films"
146236,close encounters of the third kind,1977,Jillian,3,Jillian,JILLIAN,1700.6333333333332,1,146236.0,"Science Fiction, Drama, Adventure, New Hollywood"
525113,tombstone,1993,Wyatt,16,Wyatt Earp,WYATT,1685.2666666666664,1,525113.0,"Crime Fiction, Costume drama, Action/Adventure, Western, Drama, History, Romance Film, Action"
473273,jurassic park iii,2001,Cooper,4,Cooper,COOPER,1683.4666666666665,1,473273.0,"Thriller, Natural horror films, Science Fiction, Horror, Adventure, Action/Adventure, Monster, Action"
52549,star wars episode iv: a new hope,1977,Luke,16,Luke Skywalker,LUKE,1653.1666666666663,1,52549.0,"Science Fiction, Adventure, Fantasy, Coming of age, Family Film, Action, Space western"
54173,pulp fiction,1994,Mia,5,Mia Wallace,MIA,1611.9333333333334,1,54173.0,"Crime Fiction, Thriller, Crime Comedy, Indie, Gangster Film, Ensemble Film, Drama, Crime Thriller, Black comedy"
8481,dressed to kill,1980,Blake,8,Liz Blake,BLAKE,1573.6333333333334,1,8481.0,"Thriller, Horror, Erotica, Mystery, Psychological thriller, Erotic thriller, Suspense, Crime Thriller, Slasher, Indie"
349941,being john malkovich,1999,Charlie,2,Charlie Sheen,CHARLIE,1556.2333333333336,1,349941.0,"Workplace Comedy, Fantasy, Drama, Comedy, Black comedy, Fantasy Comedy"
442647,young frankenstein,1974,Elizabeth,4,Elizabeth,ELIZABETH,1514.8666666666668,1,442647.0,"Parody, Science Fiction, Horror, Black-and-white, Horror Comedy, Comedy, Slapstick"
4560,braveheart,1995,William,30,William Wallace,WILLIAM,1505.2666666666664,1,4560.0,"Biography, Adventure, History, War film, Action/Adventure, Period piece, Drama, Costume drama, Action"
217982,caddyshack,1980,Lacey,3,Lacey Underall,LACEY,1482.2,1,217982.0,"Sports, Gross-out film, Cult, Satire, Comedy, Gross out, Slapstick"
217982,caddyshack,1980,Lacey,17,Danny of Lacey,LACEY,1482.2,1,217982.0,"Sports, Gross-out film, Cult, Satire, Comedy, Gross out, Slapstick"
471370,an american werewolf in london,1981,Alex,2,Alex Price,ALEX,1475.7,1,471370.0,"Fantasy, Horror, Creature Film, Horror Comedy"
29942,the graduate,1967,Benjamin,49,Elaine confronts Benjamin,BENJAMIN,1449.5333333333333,1,29942.0,"Romance Film, Drama, Comedy"
1353086,the fearless vampire killers,1967,Sarah,9,Sarah,SARAH,1443.6333333333332,1,1353086.0,"Parody, Cult, Horror, Comedy"
68485,jurassic park,1993,Ellie,10,Ellie Sattler,ELLIE,1379.9666666666667,1,68485.0,"Thriller, Natural horror films, Science Fiction, Horror, Adventure, Film adaptation, Action/Adventure, Monster, Action"
6254878,superbad,2007,Jules,7,Jules  during,JULES,1321.066666666667,1,6254878.0,"Sex comedy, Buddy film, Cult, Coming of age, Comedy, Teen"
179825,top gun,1986,Mitchell,2,Duke Mitchell,MITCHELL,1298.2666666666664,1,179825.0,"Action/Adventure, Drama, War film, Romantic drama, Romance Film, Action, Airplanes and airports"
10487,evil dead ii,1987,Jake,2,Jake,JAKE,1260.4,1,10487.0,"Horror, Stop motion, Cult, Comedy, Splatter film, Zombie Film, Black comedy"
680361,dirty dancing,1987,Jake,3,Jake Houseman,JAKE,1260.4,1,680361.0,"Dance, Indie, Period piece, Musical, Coming of age, Drama, Romantic drama, Romance Film, Musical Drama, Teen"
235418,lethal weapon,1987,Martin,7,Martin Riggs,MARTIN,1256.9,1,235418.0,"Crime Fiction, Albino bias, Buddy film, Buddy cop, Action/Adventure, Thriller, Comedy, Action"
695780,casino,1995,Sam,26,"Sam ""Ace"" Rothstein",SAM,1240.3333333333333,1,695780.0,"Crime Fiction, Biography, Gangster Film, Period piece, Drama, Film adaptation"
3700174,jumanji,1995,Sam,6,Sam,SAM,1240.3333333333333,1,3700174.0,
920296,somewhere in time,1980,Elise,5,Elise McKenna,ELISE,1106.8333333333337,1,920296.0,"Science Fiction, Indie, Tragedy, Romantic fantasy, Fantasy, Drama, Romantic drama, Time travel, Romance Film"
226198,sleepless in seattle,1993,Jonah,9,Jonah,JONAH,1080.6,1,226198.0,"Romantic comedy, Comedy-drama, Romance Film, Drama, Comedy"
407288,2 fast 2 furious,2003,Roman,3,Roman Pearce,ROMAN,1079.7,1,407288.0,"Thriller, Crime Fiction, Action/Adventure, Crime Thriller, Action Thrillers, Action, Sports"
12319656,paint your wagon,1969,Jacob,2,Jacob Woodling,JACOB,1077.5333333333333,1,12319656.0,"Roadshow theatrical release, Western, Action/Adventure, Musical, Drama, Comedy, Film adaptation"
3557540,the hunt for red october,1990,Jack,8,Jack Ryan,JACK,1074.2333333333336,1,3557540.0,"Thriller, Action Thrillers, Action/Adventure, Drama, Political thriller, Action"
648921,face/off,1997,Eve,4,Eve,EVE,1044.7333333333331,1,648921.0,"Thriller, Crime Fiction, Tragedy, Chase Movie, Science Fiction, Action Thrillers, Action"
695780,casino,1995,McKenna,7,Ginger McKenna,MCKENNA,1034.3333333333333,1,695780.0,"Crime Fiction, Biography, Gangster Film, Period piece, Drama, Film adaptation"
673472,the lost boys,1987,Max,12,Max,MAX,1032.5,1,673472.0,"Cult, Horror, Coming of age, Comedy, Teen"
5878044,picnic at hanging rock,1975,Miranda,2,Miranda,MIRANDA,1002.6333333333332,1,5878044.0,"LGBT, Thriller, Horror, World cinema, Supernatural, Mystery, Period piece, Coming of age, Drama"
213275,back to the future part iii,1990,Clara,10,Clara Clayton,CLARA,1001.3666666666668,1,213275.0,"Science Fiction, Adventure, Western, Comedy, Family Film, Hybrid Western"
4440277,highlander,1986,Connor,13,Connor MacLeod,CONNOR,980.6,1,4440277.0,"Cult, Action/Adventure, Science Fiction, Fantasy, Superhero movie"
618929,ghostbusters ii,1989,Oscar,7,Oscar,OSCAR,953.7666666666664,1,618929.0,"Science Fiction, Supernatural, Action/Adventure, Satire, Fantasy, Comedy, Action"
157172,time bandits,1981,Kevin,23,Kevin,KEVIN,923.0333333333328,1,157172.0,"Science Fiction, Fantasy Adventure, Indie, Costume drama, Existentialism, Fantasy, Comedy, Family Film, Fantasy Comedy, Time travel, Adventure"
129524,field of dreams,1989,Jackson,4,Joe Jackson,JACKSON,901.7,1,129524.0,"Americana, Family Drama, Baseball, Sports, Fantasy, Film adaptation, Drama, Family Film"
43566,heat,1995,Hanna,5,Vincent Hanna,HANNA,898.6666666666665,1,43566.0,"Thriller, Crime Fiction, Heist, Psychological thriller, Action/Adventure, Drama, Crime Thriller, Action"
226198,sleepless in seattle,1993,Sam,14,Sam Baldwin,SAM,841.3333333333333,1,226198.0,"Romantic comedy, Comedy-drama, Romance Film, Drama, Comedy"
685977,sixteen candles,1984,Jake,7,Jake Ryan,JAKE,831.5666666666667,1,685977.0,"Romantic comedy, Cult, Coming of age, Comedy, Romance Film, Teen"
97758,doctor zhivago,1965,Lara,19,Lara,LARA,825.1333333333333,1,97758.0,"Roadshow theatrical release, Epic, Period piece, Drama, War film, Romantic drama, Romance Film"
11077335,doctor zhivago,1965,Lara,11,Lara,LARA,825.1333333333333,1,11077335.0,Costume drama
598868,mad max beyond thunderdome,1985,Max,2,Bartertown Max,MAX,803.2333333333332,1,598868.0,"Science Fiction, Indie, World cinema, Doomsday film, Apocalyptic and post-apocalyptic fiction, Action"
598868,mad max beyond thunderdome,1985,Max,18,Max Rockatansky,MAX,803.2333333333332,1,598868.0,"Science Fiction, Indie, World cinema, Doomsday film, Apocalyptic and post-apocalyptic fiction, Action"
241171,weird science,1985,Max,9,Max,MAX,803.2333333333332,1,241171.0,"Science Fiction, Buddy film, Cult, Fantasy, Comedy, Romance Film, Teen"
301574,the little mermaid,1989,Sebastian,2,Sebastian,SEBASTIAN,797.8,1,301574.0,"Costume drama, Animation, Musical, Fantasy, Romance Film, Family Film"
443718,days of heaven,1978,Abby,8,Abby,ABBY,789.6333333333332,1,443718.0,"Crime Fiction, Period piece, Drama, Romantic drama, Romance Film, New Hollywood"
618929,ghostbusters ii,1989,Louis,2,Louis and Janine,LOUIS,776.8666666666663,1,618929.0,"Science Fiction, Supernatural, Action/Adventure, Satire, Fantasy, Comedy, Action"
97646,die hard,1988,Theo,2,Theo,THEO,768.8,1,97646.0,"Crime Fiction, Thriller, Action, Action/Adventure"
618929,ghostbusters ii,1989,Jack,2,Jack,JACK,765.3666666666666,1,618929.0,"Science Fiction, Supernatural, Action/Adventure, Satire, Fantasy, Comedy, Action"
3616797,gladiator,2000,Maximus,2,Maximus Decimus Meridius,MAXIMUS,759.0,1,3616797.0,"Tragedy, Adventure, Costume drama, Epic, Drama, War film, Action, Movies About Gladiators, Historical drama"
5667453,the flight of the phoenix,1965,Carlos,4,Carlos,CARLOS,756.0333333333333,1,5667453.0,"Disaster, Film adaptation, Drama, Adventure, Airplanes and airports"
5878044,picnic at hanging rock,1975,Marion,3,Marion,MARION,753.0666666666667,1,5878044.0,"LGBT, Thriller, Horror, World cinema, Supernatural, Mystery, Period piece, Coming of age, Drama"
695227,lethal weapon 2,1989,Leo,9,Leo Getz,LEO,739.0666666666667,1,695227.0,"Thriller, Crime Fiction, Buddy film, Buddy cop, Action/Adventure, Comedy, Action Thrillers, Action"
1485962,the mask,1994,Dorian,14,Dorian Tyrell,DORIAN,724.5333333333333,1,1485962.0,"Crime Fiction, Romance Film, Action, Fantasy, Comedy"
54173,pulp fiction,1994,Jules,16,Jules Winnfield,JULES,724.4,1,54173.0,"Crime Fiction, Thriller, Crime Comedy, Indie, Gangster Film, Ensemble Film, Drama, Crime Thriller, Black comedy"
231829,magnolia,1999,Rose,2,Rose,ROSE,678.4000000000001,1,231829.0,Drama
228355,the naked gun: from the files of police squad!,1988,Jackson,5,Reggie Jackson,JACKSON,665.2,1,228355.0,"Parody, Crime Fiction, Screwball comedy, Comedy, Romance Film, Action"
76630,the wild bunch,1969,Angel,11,Angel,ANGEL,643.3666666666668,1,76630.0,"Western, Action"
52371,titanic,1997,Rose,33,Rose Dawson Calvert,ROSE,640.0,1,52371.0,"Tragedy, Costume drama, Historical fiction, Action/Adventure, Period piece, Drama, Disaster, Romantic drama, Romance Film"
442308,once upon a time in america,1984,Max,21,Max Bercovicz,MAX,632.0,1,442308.0,"Crime Fiction, Ensemble Film, Gangster Film, Period piece, Drama, Film adaptation"
685977,sixteen candles,1984,Bryce,2,Bryce,BRYCE,627.7666666666668,1,685977.0,"Romantic comedy, Cult, Coming of age, Comedy, Romance Film, Teen"
155997,boyz n the hood,1991,Brenda,4,Brenda,BRENDA,624.7666666666664,1,155997.0,"Crime Fiction, Drama, Coming of age, Teen"
51888,indiana jones and the last crusade,1989,Donovan,3,Walter Donovan,DONOVAN,621.7333333333332,1,51888.0,Adventure
441926,a fistful of dollars,1964,Antonio,3,Antonio,ANTONIO,616.9166666666665,1,441926.0,"World cinema, Spaghetti Western, Remake, Action/Adventure, Western, Action"
213270,back to the future part ii,1989,Parker,9,Jennifer Parker,PARKER,614.2666666666667,1,213270.0,"Science Fiction, Adventure, Comedy, Time travel, Family Film, Sci-Fi Adventure, Humour"
200694,clerks.,1994,Dante,27,Dante Hicks,DANTE,573.6333333333332,1,200694.0,"Buddy film, Indie, Black-and-white, Cult, Drama, Comedy"
51906,breakfast at tiffany's,1961,Holly,13,Holly Golightly,HOLLY,565.3333333333335,1,51906.0,"Romantic comedy, Comedy of manners, Comedy-drama, Drama, Comedy, Romance Film"
2274938,friday the 13th part 2,1981,Pamela,3,Pamela Voorhees,PAMELA,559.5999999999999,1,2274938.0,"Cult, Horror, Slasher, Teen"
442308,once upon a time in america,1984,Patrick,5,"Patrick ""Patsy"" Goldberg",PATRICK,557.1666666666661,1,442308.0,"Crime Fiction, Ensemble Film, Gangster Film, Period piece, Drama, Film adaptation"
105872,clueless,1995,Josh,8,Josh,JOSH,533.2666666666667,1,105872.0,"Romantic comedy, LGBT, Comedy of manners, Coming of age, Comedy, Romance Film, Teen"
442308,once upon a time in america,1984,Bailey,5,Bailey,BAILEY,529.0,1,442308.0,"Crime Fiction, Ensemble Film, Gangster Film, Period piece, Drama, Film adaptation"
1645634,the big sleep,1978,Philip,12,Philip Marlowe,PHILIP,525.2666666666664,1,1645634.0,"Crime Fiction, Thriller, Gangster Film, Mystery, Drama, Crime Thriller"
129493,dead poets society,1989,Nolan,5,Gale Nolan,NOLAN,518.3,1,129493.0,"Ensemble Film, School story, Period piece, Drama, Coming of age, Teen"
237134,"paris, texas",1984,Hunter,11,Telling Hunter,HUNTER,503.1,1,237134.0,"Mystery, Romance Film, Drama, Indie, Road movie"
248222,the fast and the furious,2001,Leon,2,Leon,LEON,494.83333333333326,1,248222.0,"Crime Fiction, Thriller, Sports, Action/Adventure, Action, Auto racing"
456587,videodrome,1983,Max,21,Max Renn,MAX,476.1333333333333,1,456587.0,"Thriller, Mystery, Science Fiction, Horror"
335298,toy story 2,1999,Andy,9,Andy,ANDY,465.96666666666647,1,335298.0,
525113,tombstone,1993,Josephine,6,Josephine Marcus,JOSEPHINE,458.7333333333332,1,525113.0,"Crime Fiction, Costume drama, Action/Adventure, Western, Drama, History, Romance Film, Action"
51906,breakfast at tiffany's,1961,José,5,José da Silva Pereira,JOSE,449.66666666666697,1,51906.0,"Romantic comedy, Comedy of manners, Comedy-drama, Drama, Comedy, Romance Film"
1048388,hot shots!,1991,Harley,3,Buzz Harley,HARLEY,448.53333333333336,1,1048388.0,"Parody, Absurdism, Action/Adventure, Comedy, War film, Action, Slapstick"
513149,cannibal holocaust,1980,Alan,4,Alan Yates,ALAN,445.6999999999998,1,513149.0,"Mockumentary, Jungle Film, Horror, World cinema"
54175,saturday night fever,1977,Pauline,2,Pauline,PAULINE,445.66666666666674,1,54175.0,"Dance, Musical, Drama, Coming of age, Romance Film, Musical Drama"
142049,minority report,2002,Iris,2,Iris Hineman,IRIS,436.6333333333332,1,142049.0,"Crime Fiction, Thriller, Science Fiction, Future noir, Chase Movie, Action/Adventure, Mystery, Drama, Dystopia, Film adaptation, Action, Film noir"
920296,somewhere in time,1980,William,5,William Fawcett Robinson,WILLIAM,431.0333333333329,1,920296.0,"Science Fiction, Indie, Tragedy, Romantic fantasy, Fantasy, Drama, Romantic drama, Time travel, Romance Film"
612052,spider-man 2,2004,Jameson,3,John Jameson,JAMESON,417.26666666666665,1,612052.0,"Thriller, Science Fiction, Superhero movie, Superhero, Action/Adventure, Drama, Fantasy, Action"
706878,the last boy scout,1991,Darian,5,Darian,DARIAN,410.1333333333334,1,706878.0,"Thriller, Crime Fiction, Buddy film, Action/Adventure, Comedy, Crime Thriller, Action"
30327,the terminator,1984,Connor,12,Sarah Connor,CONNOR,401.26666666666665,1,30327.0,"Thriller, Science Fiction, Indie, Doomsday film, Stop motion, Action/Adventure, Time travel, Action"
725103,sleepers,1996,Tommy,5,Tommy,TOMMY,382.0333333333333,1,725103.0,"Crime Fiction, Thriller, Period piece, Coming of age, Drama, Courtroom Drama"
105434,trainspotting,1996,Tommy,3,Tommy,TOMMY,382.0333333333333,1,105434.0,"Crime Fiction, Buddy film, Indie, Comedy-drama, Addiction Drama, Cult, Drama, Comedy, Film adaptation, Black comedy"
676909,the terminal,2004,Cruz,2,Enrique Cruz,CRUZ,379.0666666666666,1,676909.0,"Romantic comedy, Comedy-drama, Drama, Comedy, Romantic drama, Romance Film, Comedy of Errors"
433414,tremors,1990,Valentine,6,Valentine,VALENTINE,379.03333333333336,1,433414.0,"Action/Adventure, Science Fiction, Horror, Adventure, Creature Film, Cult, Horror Comedy, Monster, Action, Comedy"
1125221,national lampoon's christmas vacation,1989,Ruby,2,Ruby Sue,RUBY,373.4666666666666,1,1125221.0,"Christmas movie, Family Film, Comedy, Holiday Film, Slapstick"
42313,the wicker man,1973,Neil,17,Neil Howie,NEIL,362.76666666666665,1,42313.0,"Thriller, Mystery, Crime Fiction, Horror"
167857,the usual suspects,1995,Keaton,10,Dean Keaton,KEATON,361.4666666666666,1,167857.0,"Thriller, Ensemble Film, Mystery, Crime Fiction, Crime Thriller, Neo-noir"
564947,"i, robot",2004,Sonny,15,Sonny of Lanning's,SONNY,355.7,1,564947.0,"Thriller, Science Fiction, Mystery, Drama, Film adaptation, Action"
1125221,national lampoon's christmas vacation,1989,Ellen,2,Ellen,ELLEN,351.3666666666668,1,1125221.0,"Christmas movie, Family Film, Comedy, Holiday Film, Slapstick"
919013,two for the road,1967,Joanna,11,Joanna,JOANNA,341.9666666666667,1,919013.0,"Romantic comedy, Road movie, Existentialism, Comedy-drama, Marriage Drama, Drama, Comedy, Romantic drama, Romance Film"
10507423,marathon man,1976,Thomas,32,"Thomas ""Babe"" Levy  is",THOMAS,334.09999999999854,1,10507423.0,"Thriller, Crime Fiction, Psychological thriller, Mystery, Drama, Film adaptation, Crime Thriller, Action, New Hollywood"
255898,mad max,1979,Jessie,3,Jessie,JESSIE,325.4666666666667,1,255898.0,"Thriller, Tragedy, Adventure, World cinema, Doomsday film, Chase Movie, Science Fiction, Cult, Apocalyptic and post-apocalyptic fiction, Biker Film, Action"
5871867,logan's run,1976,Logan,6,Logan,LOGAN,318.2333333333333,1,5871867.0,"Science Fiction, Action"
1287385,million dollar baby,2004,Frankie,17,Frankie Dunn,FRANKIE,314.9,1,1287385.0,"Sports, Tragedy, Drama, Boxing"
77744,wayne's world,1992,Kane,10,Benjamin Kane,KANE,313.4,1,77744.0,"Buddy film, Absurdism, Cult, Satire, Comedy, Music"
64394,goodfellas,1990,Henry,10,Henry Hill,HENRY,309.2666666666664,1,64394.0,"Thriller, Crime Fiction, Gangster Film, Crime Drama, Drama, Film adaptation, Biographical film"
473273,jurassic park iii,2001,Isla,2,Isla Sorna,ISLA,301.4666666666667,1,473273.0,"Thriller, Natural horror films, Science Fiction, Horror, Adventure, Action/Adventure, Monster, Action"
2274938,friday the 13th part 2,1981,Alice,2,Alice L. Hardy,ALICE,296.6333333333332,1,2274938.0,"Cult, Horror, Slasher, Teen"
471544,blade,1998,Quinn,2,Quinn,QUINN,292.6333333333333,1,471544.0,"Thriller, Horror, Superhero movie, Action/Adventure, Fantasy, Archives and records, Action"
1428048,the last of the mohicans,1992,Duncan,10,Duncan Heyward,DUNCAN,289.96666666666664,1,1428048.0,"Costume drama, War film, Period piece, Drama, Film adaptation, Romantic drama, Romance Film"
294998,home alone 2: lost in new york,1992,Duncan,6,Duncan,DUNCAN,289.96666666666664,1,294998.0,
25491,the rocky horror picture show,1975,Rocky,2,Rocky Horror,ROCKY,287.8,1,25491.0,"Parody, Sex comedy, Horror, Science Fiction, Cult, Musical, Comedy, Horror Comedy"
106117,thelma & louise,1991,Sawyer,12,Louise Sawyer,SAWYER,281.26666666666665,1,106117.0,"Crime Fiction, Female buddy film, Buddy film, Chase Movie, Road movie, Comedy-drama, Drama, Comedy, Outlaw, Feminist Film"
3746,blade runner,1982,Tyrell,4,Tyrell,TYRELL,279.7,1,3746.0,"Thriller, Cyberpunk, Science Fiction, Future noir, Existentialism, Cult, Drama, Film noir, Crime Thriller, Chinese Movies, Dystopia, Neo-noir"
2251266,ocean's eleven,2001,Reuben,3,Reuben Tishkoff,REUBEN,279.1333333333334,1,2251266.0,"Crime Fiction, Heist, Remake, Action/Adventure, Thriller, Comedy, Action"
51888,indiana jones and the last crusade,1989,Henry,4,Henry Jones,HENRY,273.0666666666666,1,51888.0,Adventure
503573,dazed and confused,1993,Davis,2,Sabrina Davis,DAVIS,271.8,1,503573.0,"Ensemble Film, Indie, Comedy-drama, Cult, Period piece, Drama, Comedy, Coming of age, Stoner film, Teen"
167857,the usual suspects,1995,Dean,10,Dean Keaton,DEAN,267.79999999999995,1,167857.0,"Thriller, Ensemble Film, Mystery, Crime Fiction, Crime Thriller, Neo-noir"
202652,romeo + juliet,1996,Juliet,22,Juliet,JULIET,266.76666666666665,1,202652.0,"Crime Fiction, Thriller, Romance Film, Drama"
213472,aliens,1986,Ellen,15,Ellen Ripley,ELLEN,261.0999999999999,1,213472.0,"Thriller, Science Fiction, Horror, Adventure, Stop motion, Sci-Fi Horror, Creature Film, Action/Adventure, Action"
4453691,blood diamond,2006,Archer,7,Danny Archer,ARCHER,255.4333333333333,1,4453691.0,"Crime Fiction, Thriller, Tragedy, Adventure, Private military company, Action/Adventure, Drama, War film, Action, Political drama"
74537,brazil,1985,Ida,2,Ida,IDA,251.53333333333336,1,74537.0,"Science Fiction, Future noir, Cult, Satire, Fantasy, Comedy, Drama, Black comedy, Dystopia, Kafkaesque"
53085,toy story,1995,Davis,18,Andy Davis,DAVIS,251.2,1,53085.0,
202652,romeo + juliet,1996,Romeo,4,Romeo,ROMEO,249.76666666666668,1,202652.0,"Crime Fiction, Thriller, Romance Film, Drama"
101954,the english patient,1996,Hana,4,Hana,HANA,244.9333333333333,1,101954.0,"War film, Period piece, Drama, Film adaptation, Romantic drama, Romance Film"
697113,big trouble in little china,1986,Jack,17,Jack Burton,JACK,241.76666666666665,1,697113.0,"Fantasy Comedy, Adventure, Action Comedy, Martial Arts Film, Fantasy, Comedy, Romance Film, Action"
226198,sleepless in seattle,1993,Reed,16,Annie Reed,REED,240.86666666666665,1,226198.0,"Romantic comedy, Comedy-drama, Romance Film, Drama, Comedy"
343408,the aristocats,1970,Abigail,2,Abigail Gabble,ABIGAIL,240.5333333333333,1,343408.0,
142456,good will hunting,1997,Will,2,Will Hunting,WILL,238.06666666666663,1,142456.0,"Drama, Romantic drama, Romance Film, Coming of age, Indie"
1160412,rambo iii,1988,Sam,9,Sam Trautman,SAM,233.36666666666665,1,1160412.0,"Thriller, Action/Adventure, Action Thrillers, Action, War film"
673472,the lost boys,1987,Sam,16,Sam,SAM,230.46666666666664,1,673472.0,"Cult, Horror, Coming of age, Comedy, Teen"
2312056,pride & prejudice,2005,Darcy,23,Darcy,DARCY,226.36666666666665,1,2312056.0,"Costume drama, Period piece, Drama, Film adaptation, Romantic drama, Romance Film"
2216381,the intern,2000,Bennett,4,Jocelyn Bennett,BENNETT,225.66666666666663,1,2216381.0,"Romantic comedy, Romance Film, Comedy, Indie"
129619,ghost,1990,Sam,29,Sam taunts,SAM,223.86666666666665,1,129619.0,"Thriller, Supernatural, Mystery, Drama, Comedy, Romantic drama, Romance Film, Fantasy"
297111,reservoir dogs,1992,Joe,7,Joe Cabot,JOE,223.70000000000005,1,297111.0,"Thriller, Crime Fiction, Gangster Film, Indie, Mystery, Drama, Crime Thriller"
525314,shrek 2,2004,King,12,King Harold,KING,223.5666666666667,1,525314.0,
4836572,oliver!,1968,Noah,3,Noah Claypole,NOAH,219.5666666666667,1,4836572.0,"Crime Fiction, Childhood Drama, Musical, Drama, Family Film, Musical Drama"
352795,jaws 2,1978,Martin,13,Martin Brody,MARTIN,215.5,1,352795.0,"Thriller, Natural horror films, Horror, Adventure, Creature Film, Action/Adventure, Suspense, Action, Slasher"
113460,platoon,1986,Elias,6,Sergeant Elias,ELIAS,214.5666666666666,1,113460.0,"Anti-war, Indie, Drama, War film, Action, Anti-war film, Combat Films"
20179415,halloween,1978,Annie,8,Annie Brackett,ANNIE,208.79999999999995,1,20179415.0,"Thriller, Horror, Indie, Cult, Slasher, Teen"
174251,the lord of the rings: the return of the king,2003,Arwen,3,Arwen,ARWEN,204.3333333333333,1,174251.0,"Fantasy Adventure, Adventure, Epic, Action/Adventure, Drama, Film adaptation, Fantasy, Sword and sorcery films"
73441,e.t. the extra-terrestrial,1982,Elliott,21,Elliott feigns,ELLIOTT,204.2,1,73441.0,
173944,the lord of the rings: the two towers,2002,Arwen,2,Arwen,ARWEN,198.75,1,173944.0,"Fantasy Adventure, Adventure, Epic, Action/Adventure, Fantasy, Film adaptation, Drama, Action, Sword and sorcery films"
399433,pocahontas,1995,Willow,3,Grandmother Willow,WILLOW,190.06666666666663,1,399433.0,
2162986,the pursuit of happyness,2006,Chris,13,Chris Gardner,CHRIS,189.13333333333333,1,2162986.0,"Inspirational Drama, Family Drama, Drama, Biographical film"
4730,batman forever,1995,Robin,7,Robin,ROBIN,186.3666666666668,1,4730.0,"Thriller, Crime Fiction, Buddy film, Superhero movie, Master Criminal Films, Superhero, Action/Adventure, Fantasy, Action"
76018,who framed roger rabbit,1988,Baby,3,Baby Herman's,BABY,183.16666666666669,1,76018.0,"Parody, Crime Fiction, Fantasy Comedy, Buddy film, Animation, Action/Adventure, Mystery, Fantasy, Comedy, Black comedy, Family Film, Action"
210151,"lock, stock and two smoking barrels",1998,Chris,6,Big Chris,CHRIS,182.9,1,210151.0,"Thriller, Caper story, Crime Fiction, Buddy film, Crime Comedy"
2465797,300,2006,Leonidas,18,Leonidas,LEONIDAS,181.36666666666665,1,2465797.0,"Historical fiction, Adventure, Superhero movie, Costume drama, Film adaptation, Epic, Action/Adventure, Fantasy, War film, Historical Epic, Action"
303928,escape from the planet of the apes,1971,Armando,2,Señor Armando,ARMANDO,180.9333333333334,1,303928.0,"Science Fiction, Adventure, Escape Film"
1584998,black christmas,1974,Clare,12,Clare Harrison,CLARE,176.7,1,1584998.0,"Thriller, Horror, Indie, Cult, Mystery, Slasher"
23265233,independence day,1983,Parker,4,Jack Parker,PARKER,175.33333333333331,1,23265233.0,Drama
2236472,transformers,2007,Lennox,2,William Lennox,LENNOX,170.4,1,2236472.0,"Thriller, Science Fiction, Doomsday film, Alien Film, Disaster, Action"
680361,dirty dancing,1987,Baby,4,Baby,BABY,166.36666666666667,1,680361.0,"Dance, Indie, Period piece, Musical, Coming of age, Drama, Romantic drama, Romance Film, Musical Drama, Teen"
312757,tron,1982,Alan,2,Alan Bradley,ALAN,165.0,1,312757.0,"Cyberpunk, Thriller, Science Fiction, Adventure, Computer Animation, Family Film, Action"
35919373,from here to eternity,1979,Lee,12,Robert E. Lee Prewitt,LEE,155.0666666666666,1,35919373.0,Drama
213472,aliens,1986,Carter,3,Carter Burke,CARTER,152.9333333333333,1,213472.0,"Thriller, Science Fiction, Horror, Adventure, Stop motion, Sci-Fi Horror, Creature Film, Action/Adventure, Action"
666923,the lost world: jurassic park,1997,Isla,5,Isla Sorna,ISLA,151.36666666666667,1,666923.0,"Thriller, Science Fiction, Action, Adventure, Film adaptation"
666923,the lost world: jurassic park,1997,Isla,2,Isla Nublar,ISLA,151.36666666666667,1,666923.0,"Thriller, Science Fiction, Action, Adventure, Film adaptation"
2580403,american pie,1999,Chris,2,Chris Klein,CHRIS,151.29999999999995,1,2580403.0,"Romantic comedy, Sex comedy, Coming of age, Comedy, Romance Film, Teen"
8930957,twister,1996,Chris,2,Chris,CHRIS,146.89999999999998,1,8930957.0,"Black comedy, Film adaptation, Drama, Comedy, Indie"
667368,harry potter and the chamber of secrets,2002,Hermione,50,"Harry, Ron and Hermione",HERMIONE,146.36666666666667,1,667368.0,
520990,trading places,1983,Louis,14,Louis Winthorpe III,LOUIS,144.83333333333348,1,520990.0,"Satire, Comedy, Comedy of manners"
1048695,dracula,1979,Lucy,15,Lucy Seward,LUCY,141.5666666666666,1,1048695.0,Horror
303928,escape from the planet of the apes,1971,Cornelius,4,Cornelius,CORNELIUS,141.3,1,303928.0,"Science Fiction, Adventure, Escape Film"
725459,the exorcist,1973,Regan,12,Regan,REGAN,138.3,1,725459.0,"Demonic child, Horror, Supernatural, Psychological thriller, Cult, Drama, New Hollywood"
12555863,heat,1995,Cyrus,3,Cyrus Kinnick,CYRUS,137.9,1,12555863.0,"Thriller, Crime Fiction, Gangster Film, Action/Adventure, Drama, Crime Thriller, Action"
39311,jfk,1991,Dean,2,Dean Andrews,DEAN,134.79999999999995,1,39311.0,"Thriller, Mystery, Biography, Drama, History"
445066,robocop,1987,Lewis,5,Anne Lewis,LEWIS,129.26666666666665,1,445066.0,"Thriller, Crime Fiction, Science Fiction, Superhero movie, Stop motion, Action/Adventure, Satire, Action"
3185575,the color purple,1985,Avery,9,Shug Avery,AVERY,128.73333333333332,1,3185575.0,"LGBT, Period piece, Marriage Drama, Drama, Film adaptation, Feminist Film"
277667,scary movie,2000,Campbell,2,Cindy Campbell,CAMPBELL,128.36666666666667,1,277667.0,"Parody, Gross-out film, Comedy, Gross out, Slasher, Teen"
3746,blade runner,1982,Sebastian,5,J.F. Sebastian,SEBASTIAN,127.9666666666667,1,3746.0,"Thriller, Cyberpunk, Science Fiction, Future noir, Existentialism, Cult, Drama, Film noir, Crime Thriller, Chinese Movies, Dystopia, Neo-noir"
583012,rambo: first blood part ii,1985,Sam,3,Sam Trautman,SAM,126.10000000000002,1,583012.0,"Thriller, Action/Adventure, Action Thrillers, Action, War film"
74537,brazil,1985,Sam,22,Sam Lowry,SAM,126.10000000000002,1,74537.0,"Science Fiction, Future noir, Cult, Satire, Fantasy, Comedy, Drama, Black comedy, Dystopia, Kafkaesque"
7668793,the running man,1987,Killian,2,Damon Killian,KILLIAN,123.4,1,7668793.0,"Thriller, Science Fiction, Action, Dystopia, Film adaptation"
997939,kindergarten cop,1990,Phoebe,8,Phoebe O'Hara,PHOEBE,122.5333333333333,1,997939.0,"Thriller, Indie, Comedy Thriller, Action/Adventure, Comedy, Family Film, Action"
179825,top gun,1986,Tom,3,"Tom ""Iceman"" Kasansky &mdash;who",TOM,121.33333333333336,1,179825.0,"Action/Adventure, Drama, War film, Romantic drama, Romance Film, Action, Airplanes and airports"
6816597,la notte,1961,Roberto,4,Roberto,ROBERTO,116.66666666666674,1,6816597.0,"Marriage Drama, Drama, World cinema, Black-and-white, Art film"
261402,robin hood: prince of thieves,1991,Scarlett,3,Will Scarlett,SCARLETT,114.73333333333332,1,261402.0,"Swashbuckler films, Adventure, Costume drama, Costume Adventure, Action/Adventure, Period piece, Drama, Romantic drama, Romance Film"
66870,annie hall,1977,Annie,8,Soon Annie,ANNIE,113.23333333333323,1,66870.0,"Romantic comedy, Comedy of manners, Drama, Comedy, Romance Film, New Hollywood"
129619,ghost,1990,Oda,7,Oda Mae's,ODA,112.73333333333336,1,129619.0,"Thriller, Supernatural, Mystery, Drama, Comedy, Romantic drama, Romance Film, Fantasy"
7024876,hello dolly!,1969,Cornelius,9,Cornelius Hackl,CORNELIUS,106.8,1,7024876.0,"Romantic comedy, Romance Film, Musical, Family Film, Comedy"
323715,troy,2004,Achilles,31,Achilles,ACHILLES,105.43333333333332,1,323715.0,"Sword and Sandal, Adventure, Costume drama, Historical fiction, Epic, Action/Adventure, History, War film, Romance Film, Action, Historical Epic, Documentary"
460052,mystic river,2003,Harris,7,Brendan Harris,HARRIS,103.3,1,460052.0,"Thriller, Crime Fiction, Tragedy, Psychological thriller, Mystery, Drama, Film adaptation, Crime Thriller"
441315,true romance,1993,Presley,2,Elvis Presley,PRESLEY,102.16666666666666,1,441315.0,"Thriller, Crime Fiction, Indie, Action/Adventure, Drama, Crime Thriller, Romance Film, Action"
471544,blade,1998,Deacon,9,Deacon Frost,DEACON,100.83333333333331,1,471544.0,"Thriller, Horror, Superhero movie, Action/Adventure, Fantasy, Archives and records, Action"
358367,pete's dragon,1977,Elliott,26,Elliott,ELLIOTT,98.5333333333333,1,358367.0,
43452,lawrence of arabia,1962,Ali,5,Sherif Ali,ALI,97.16666666666669,1,43452.0,"LGBT, Historical fiction, Adventure, British Empire Film, Costume drama, Roadshow theatrical release, Epic, Action/Adventure, Drama, War film, Biographical film, Action"
101910,the towering inferno,1974,Duncan,13,James Duncan,DUNCAN,97.13333333333334,1,101910.0,"Disaster, Action/Adventure, Ensemble Film, Action, Doomsday film"
2270205,viridiana,1961,Jorge,3,Jorge,JORGE,97.0,1,2270205.0,"Art film, World cinema, Comedy-drama, Satire, Drama, Comedy, Black comedy"
1645634,the big sleep,1978,Rusty,2,Rusty Regan,RUSTY,96.63333333333333,1,1645634.0,"Crime Fiction, Thriller, Gangster Film, Mystery, Drama, Crime Thriller"
40672,léon: the professional,1994,Mathilda,9,Mathilda Lando,MATHILDA,96.53333333333332,1,40672.0,"Thriller, Crime Fiction, Buddy film, Indie, World cinema, Action/Adventure, Coming of age, Drama, Crime Thriller, Action"
612052,spider-man 2,2004,Otto,5,Otto Octavius,OTTO,95.3,1,612052.0,"Thriller, Science Fiction, Superhero movie, Superhero, Action/Adventure, Drama, Fantasy, Action"
43566,heat,1995,Chris,6,Chris Shiherlis,CHRIS,95.0,1,43566.0,"Thriller, Crime Fiction, Heist, Psychological thriller, Action/Adventure, Drama, Crime Thriller, Action"
667372,harry potter and the goblet of fire,2005,Viktor,2,Viktor Krum,VIKTOR,94.1,1,667372.0,
1428048,the last of the mohicans,1992,Cora,11,Cora,CORA,92.2,1,1428048.0,"Costume drama, War film, Period piece, Drama, Film adaptation, Romantic drama, Romance Film"
255898,mad max,1979,Max,16,Max Rockatansky,MAX,91.23333333333336,1,255898.0,"Thriller, Tragedy, Adventure, World cinema, Doomsday film, Chase Movie, Science Fiction, Cult, Apocalyptic and post-apocalyptic fiction, Biker Film, Action"
2809621,the prestige,2006,Alfred,2,Magician Alfred Borden,ALFRED,90.96666666666658,1,2809621.0,"Thriller, Science Fiction, Psychological thriller, Mystery, Period piece, Fantasy, Film adaptation, Drama, Steampunk"
57820,donnie darko,2001,Kitty,3,Kitty Farmer,KITTY,88.73333333333335,1,57820.0,"Thriller, Science Fiction, Indie, Doomsday film, Tragedy, Comedy-drama, Psychological thriller, Mystery, Period piece, Satire, Fantasy, Drama, Coming of age, Time travel, Teen"
751724,i spit on your grave,1978,Andy,8,Andy brutally,ANDY,87.76666666666665,1,751724.0,"Cult, Horror, Slasher"
1345521,high plains drifter,1973,Duncan,3,Jim Duncan,DUNCAN,87.4,1,1345521.0,"Thriller, Action/Adventure, Western, Action, Revisionist Western"
42886,gattaca,1997,Anton,10,Anton,ANTON,87.33333333333331,1,42886.0,"Thriller, Science Fiction, Future noir, Drama, Film noir, Romance Film, Dystopia"
216072,home alone,1990,Marley,5,Marley,MARLEY,86.8,1,216072.0,
9830229,rosemary's baby,1968,Abraham,4,Abraham Sapirstein,ABRAHAM,86.16666666666669,1,9830229.0,"Horror, Drama, Psychological thriller, Mystery"
323715,troy,2004,Briseis,11,Briseis,BRISEIS,85.2,1,323715.0,"Sword and Sandal, Adventure, Costume drama, Historical fiction, Epic, Action/Adventure, History, War film, Romance Film, Action, Historical Epic, Documentary"
87983,stand by me,1986,Charlie,2,Charlie Hogan,CHARLIE,85.10000000000002,1,87983.0,"Adventure, Period piece, Coming of age, Film adaptation, Drama, Teen"
30625,the shawshank redemption,1994,Hadley,4,Byron Hadley,HADLEY,84.03333333333335,1,30625.0,"Crime Fiction, Buddy film, Prison film, Drama, Escape Film, Prison"
3727473,man on fire,1987,Eleanor,2,Eleanor Ringel,ELEANOR,83.23333333333329,1,3727473.0,"Thriller, Action, Drama, Indie"
676909,the terminal,2004,Viktor,25,Viktor Navorski,VIKTOR,79.76666666666665,1,676909.0,"Romantic comedy, Comedy-drama, Drama, Comedy, Romantic drama, Romance Film, Comedy of Errors"
198313,willow,1988,Elora,4,Elora Danan,ELORA,76.33333333333333,1,198313.0,"Fantasy Adventure, Sword and sorcery films, Stop motion, Costume drama, Action/Adventure, Fantasy, Comedy, Drama, Sword and sorcery, Family Film, Action, Romance Film, Adventure"
667368,harry potter and the chamber of secrets,2002,Lucius,5,Lucius Malfoy,LUCIUS,75.23333333333332,1,667368.0,
99304,pearl harbor,2001,Rafe,16,Rafe McCawley,RAFE,73.0,1,99304.0,"Action/Adventure, Period piece, Drama, War film, Romantic drama, Romance Film, Action, Airplanes and airports"
1412408,slap shot,1977,Braden,7,Ned Braden,BRADEN,71.96666666666665,1,1412408.0,"Sports, Action/Adventure, Action, Comedy"
73467,five easy pieces,1970,Elton,2,Elton,ELTON,71.43333333333334,1,73467.0,"Road movie, Family Drama, Drama, New Hollywood"
161897,cool hand luke,1967,Lucas,2,Lucas Jackson,LUCAS,70.36666666666666,1,161897.0,"Crime Fiction, Prison film, Prison, Drama, Film adaptation"
65834,schindler's list,1993,Oskar,8,Oskar Schindler,OSKAR,69.4,1,65834.0,"Tragedy, Biography, History, War film, Biopic [feature], Black-and-white, Period piece, Drama, Film adaptation, Biographical film"
2251266,ocean's eleven,2001,Linus,2,Linus Caldwell,LINUS,68.43333333333334,1,2251266.0,"Crime Fiction, Heist, Remake, Action/Adventure, Thriller, Comedy, Action"
32411644,point blank,1967,Hugo,4,Hugo Sartet,HUGO,66.6,1,32411644.0,Thriller
143809,the fifth element,1997,Korben,3,Korben Dallas,KORBEN,65.5,1,143809.0,"Thriller, Science Fiction, Action, Fantasy, Adventure"
1627058,how to steal a million,1966,Simon,8,Simon Dermott,SIMON,64.06666666666666,1,1627058.0,"Crime Fiction, Romantic comedy, Crime Comedy, Heist, Caper story, Comedy, Romance Film"
213251,alien³,1992,Bishop,2,Michael Bishop,BISHOP,62.23333333333333,1,213251.0,"Thriller, Science Fiction, Horror, Adventure, Action/Adventure, Action"
1059280,superman ii,1981,Clark,8,Clark Kent,CLARK,61.866666666666674,1,1059280.0,"Science Fiction, Adventure, Superhero movie, Superhero, Action/Adventure, Alien Film, Family Film, Action"
6492614,the odd couple,1968,Oscar,20,Oscar Madison,OSCAR,61.5333333333333,1,6492614.0,"Romance Film, Screwball comedy, Drama, Comedy, Film adaptation"
11862690,juno,2007,Juno,19,Juno MacGuff,JUNO,59.26666666666667,1,11862690.0,"Ensemble Film, Indie, Comedy-drama, Coming of age, Comedy, Drama, Romance Film, Domestic Comedy, Teen"
18618306,planet of the apes,1968,Cornelius,25,Cornelius free Taylor,CORNELIUS,59.19999999999999,1,18618306.0,"Cult, Thriller, Science Fiction, Adventure, New Hollywood"
18952889,"it's a mad, mad, mad, mad world",1963,Marcus,7,Marcus,MARCUS,59.16666666666674,1,18952889.0,"Crime Fiction, Ensemble Film, Adventure, Chase Movie, Comedy, Family Film, Action"
129493,dead poets society,1989,Anderson,10,Todd Anderson,ANDERSON,57.03333333333335,1,129493.0,"Ensemble Film, School story, Period piece, Drama, Coming of age, Teen"
1397377,"planes, trains and automobiles",1987,Page,8,Neal Page,PAGE,56.4,1,1397377.0,"Buddy film, Road movie, Screwball comedy, Drama, Comedy, Comedy of Errors, Airplanes and airports"
99123,speed,1994,Porter,11,Annie Porter,PORTER,56.3,1,99123.0,"Thriller, Action/Adventure, Action, Crime Fiction, Adventure"
1145761,where eagles dare,1968,Wyatt,2,Wyatt Turner,WYATT,56.3,1,1145761.0,"Adventure, Roadshow theatrical release, Action/Adventure, Drama, War film, Action"
520990,trading places,1983,Coleman,3,Coleman,COLEMAN,54.93333333333334,1,520990.0,"Satire, Comedy, Comedy of manners"
707808,snatch,2000,Avi,2,Avi,AVI,54.866666666666674,1,707808.0,"Crime Fiction, Thriller, Gangster Film, Heist, Action/Adventure, Comedy, Crime Thriller, Black comedy, Action"
1210303,constantine,2005,Constantine,5,John Constantine,CONSTANTINE,53.33333333333333,1,1210303.0,"Fantasy, Horror, Action, Drama, Mystery"
1814329,stir crazy,1980,Wilson,5,Warden Wilson,WILSON,53.0333333333333,1,1814329.0,"Action/Adventure, Buddy film, Prison film, Cult, Comedy, Comedy of Errors, Action, Prison"
1287385,million dollar baby,2004,Mack,2,Mickey Mack,MACK,50.86666666666666,1,1287385.0,"Sports, Tragedy, Drama, Boxing"
232711,the truman show,1998,Truman,16,Truman Burbank,TRUMAN,50.63333333333334,1,232711.0,"Parody, Media Satire, Science Fiction, Existentialism, Comedy-drama, Fantasy, Comedy, Drama"
74930,manhattan,1979,Davis,14,Isaac Davis,DAVIS,50.03333333333335,1,74930.0,"Romantic comedy, Indie, Black-and-white, Comedy, Romance Film, New Hollywood"
1059701,superman iii,1983,Clark,8,Clark Kent,CLARK,49.43333333333334,1,1059701.0,"Thriller, Science Fiction, Adventure, Superhero movie, Superhero, Action/Adventure, Fantasy, Comedy, Family Film, Action"
511622,vacation,1983,Clark,11,Clark Griswold,CLARK,49.43333333333334,1,511622.0,"Romance Film, Comedy, Adventure"
19625929,falling down,1993,Foster,30,William Foster,FOSTER,47.83333333333333,1,19625929.0,"Thriller, Crime Fiction, Crime Drama, Psychological thriller, Drama, Comedy, Crime Thriller, Black comedy, Action"
101954,the english patient,1996,Tiger,2,the Tiger Moth,TIGER,47.41666666666666,1,101954.0,"War film, Period piece, Drama, Film adaptation, Romantic drama, Romance Film"
45481,soylent green,1973,Solomon,6,"Solomon ""Sol"" Roth",SOLOMON,47.03333333333333,1,45481.0,"Thriller, Mystery, Science Fiction, Drama"
706878,the last boy scout,1991,Mike,4,Mike Matthews,MIKE,46.700000000000045,1,706878.0,"Thriller, Crime Fiction, Buddy film, Action/Adventure, Comedy, Crime Thriller, Action"
30327,the terminator,1984,Reese,14,Kyle Reese,REESE,44.76666666666667,1,30327.0,"Thriller, Science Fiction, Indie, Doomsday film, Stop motion, Action/Adventure, Time travel, Action"
1385251,wedding crashers,2005,Grey,28,Jeremy Grey,GREY,44.1,1,1385251.0,"Romantic comedy, Sex comedy, Romance Film, Comedy"
707808,snatch,2000,Vinnie,4,Vinnie,VINNIE,44.1,1,707808.0,"Crime Fiction, Thriller, Gangster Film, Heist, Action/Adventure, Comedy, Crime Thriller, Black comedy, Action"
103021,midnight express,1978,Max,5,Max,MAX,44.0,1,103021.0,"Thriller, LGBT, Indie, Crime Fiction, Escape Film, Biopic [feature], Drama, Biographical film, Prison, Adventure"
362719,superman,1978,Clark,5,Clark,CLARK,43.666666666666686,1,362719.0,"Science Fiction, Adventure, Superhero movie, Action/Adventure, Family Film, Action"
268833,goldeneye,1995,Tiger,2,Eurocopter Tiger,TIGER,42.083333333333336,1,268833.0,"Thriller, Action Thrillers, Adventure, Action/Adventure, Glamorized Spy Film, Action, Spy"
370064,love actually,2003,Mack,4,Billy Mack,MACK,40.3,1,370064.0,"Romantic comedy, Ensemble Film, Comedy-drama, Holiday Film, Drama, Comedy, Romance Film"
104984,rocky iv,1985,Nicolai,2,Nicolai Koloff,NICOLAI,38.93333333333333,1,104984.0,"Sports, Action, Drama, Political drama, Boxing"
179044,the jerk,1979,Johnson,18,Navin R. Johnson,JOHNSON,37.93333333333333,1,179044.0,"Music, Screwball comedy, Slapstick, Comedy, Absurdism"
18951054,apocalypse now,1979,Johnson,2,Lance Johnson,JOHNSON,37.93333333333333,1,18951054.0,"Anti-war, Adventure, Existentialism, Jungle Film, Drama, War film, Anti-war film, New Hollywood"
88326,ferris bueller's day off,1986,Sloane,3,Sloane Peterson,SLOANE,37.7,1,88326.0,"Cult, Drama, Coming of age, Comedy, Teen"
920296,somewhere in time,1980,McKenna,5,Elise McKenna,MCKENNA,37.2,1,920296.0,"Science Fiction, Indie, Tragedy, Romantic fantasy, Fantasy, Drama, Romantic drama, Time travel, Romance Film"
451062,the dead zone,1983,Sam,2,Sam Weizak,SAM,36.89999999999998,1,451062.0,"Thriller, Science Fiction, Horror, Indie, Supernatural, Psychological thriller, Political thriller, Crime Thriller"
213251,alien³,1992,Queen,9,Alien Queen,QUEEN,36.3,1,213251.0,"Thriller, Science Fiction, Horror, Adventure, Action/Adventure, Action"
535335,war of the worlds,2005,Manny,2,Manny,MANNY,35.4,1,535335.0,"Thriller, Science Fiction, Horror, Adventure, Doomsday film, Alien Film, Drama, Disaster, Action"
179044,the jerk,1979,Carl,2,Carl Reiner,CARL,34.233333333333576,1,179044.0,"Music, Screwball comedy, Slapstick, Comedy, Absurdism"
707808,snatch,2000,Sol,7,Sol,SOL,33.06666666666667,1,707808.0,"Crime Fiction, Thriller, Gangster Film, Heist, Action/Adventure, Comedy, Crime Thriller, Black comedy, Action"
303933,twister,1996,Miller,20,Jonas Miller,MILLER,31.56666666666667,1,303933.0,"Action/Adventure, Disaster"
3569822,a beautiful mind,2001,Sol,2,Richard Sol,SOL,31.366666666666674,1,3569822.0,"Biography, Psychological thriller, Period piece, Marriage Drama, Drama, Biopic [feature], Romantic drama, Romance Film, Biographical film"
1213838,toy story 3,2010,Woody,9,Woody,WOODY,30.700000000000003,1,1213838.0,
225554,autumn sonata,1978,Eva,3,Eva,EVA,30.433333333333167,1,225554.0,"Musical, Family Drama, Drama, Art film, World cinema"
74868,the last picture show,1971,Jacy,3,Jacy Farrow,JACY,30.366666666666664,1,74868.0,"Ensemble Film, Slice of life story, Americana, Black-and-white, Period piece, Coming of age, Film adaptation, Drama, New Hollywood"
161912,true grit,1969,Reuben,5,"Reuben ""Rooster"" J. Cogburn",REUBEN,29.76666666666665,1,161912.0,"Adventure, Costume drama, Action/Adventure, Western, Drama, Film adaptation"
1880660,"the chronicles of narnia: the lion, the witch and the wardrobe",2005,Aslan,20,Aslan,ASLAN,28.966666666666665,1,1880660.0,
648921,face/off,1997,Archer,26,Sean Archer,ARCHER,28.933333333333337,1,648921.0,"Thriller, Crime Fiction, Tragedy, Chase Movie, Science Fiction, Action Thrillers, Action"
113460,platoon,1986,Harris,2,Harris,HARRIS,28.599999999999994,1,113460.0,"Anti-war, Indie, Drama, War film, Action, Anti-war film, Combat Films"
28269,saving private ryan,1998,Miller,16,John H. Miller,MILLER,28.233333333333327,1,28269.0,"Ensemble Film, History, Drama, War film, Action, Combat Films"
9979,eyes wide shut,1999,Nick,9,Nick Nightingale,NICK,28.13333333333336,1,9979.0,"Thriller, Erotic Drama, Erotica, Mystery, Surrealism, Psychological thriller, Erotic thriller, Marriage Drama, Drama, Romance Film"
7047921,little miss sunshine,2006,Dwayne,4,Dwayne,DWAYNE,27.69999999999999,1,7047921.0,"LGBT, Ensemble Film, Adventure, Road movie, Comedy-drama, Drama, Comedy, Domestic Comedy, Indie"
8138535,barefoot in the park,1967,Corie,18,Corie,CORIE,27.6,1,8138535.0,"Romantic comedy, Romance Film, Comedy"
29943,the breakfast club,1985,Clark,3,Andrew Clark,CLARK,27.16666666666669,1,29943.0,"Ensemble Film, Comedy-drama, Drama, Comedy, Coming of age, Teen"
1745050,mr. & mrs. smith,2005,Smith,8,Jane Smith,SMITH,27.0,1,1745050.0,"Thriller, Romantic comedy, Action/Adventure, Comedy, Black comedy, Romance Film, Action"
468293,philadelphia,1993,Miller,11,Joe Miller,MILLER,26.133333333333336,1,468293.0,"LGBT, Tragedy, Gay, Gay Interest, Drama, Medical fiction, Gay Themed, Courtroom Drama"
692661,carlito's way,1993,Carlito,32,Carlito Brigante,CARLITO,22.5,1,692661.0,"Crime Fiction, Gangster Film, Drama, Thriller, Crime Drama"
6043780,police academy,1984,Harris,10,Thaddeus Harris,HARRIS,21.599999999999994,1,6043780.0,"Crime Fiction, Comedy"
146236,close encounters of the third kind,1977,Barry,3,Barry Guiler,BARRY,21.466666666666697,1,146236.0,"Science Fiction, Drama, Adventure, New Hollywood"
1059280,superman ii,1981,Kent,8,Clark Kent,KENT,21.366666666666674,1,1059280.0,"Science Fiction, Adventure, Superhero movie, Superhero, Action/Adventure, Alien Film, Family Film, Action"
167857,the usual suspects,1995,Edie,2,Edie Finneran,EDIE,20.9,1,167857.0,"Thriller, Ensemble Film, Mystery, Crime Fiction, Crime Thriller, Neo-noir"
210151,"lock, stock and two smoking barrels",1998,Nick,4,"Nick """,NICK,19.40000000000001,1,210151.0,"Thriller, Caper story, Crime Fiction, Buddy film, Crime Comedy"
123417,the matrix reloaded,2003,Smith,2,Smith,SMITH,19.03333333333333,1,123417.0,"Action/Adventure, Thriller, Science Fiction, Action, Adventure"
213472,aliens,1986,Hudson,2,Hudson,HUDSON,18.4,1,213472.0,"Thriller, Science Fiction, Horror, Adventure, Stop motion, Sci-Fi Horror, Creature Film, Action/Adventure, Action"
74830,jaws,1975,Ben,2,Ben Gardner,BEN,18.100000000000023,1,74830.0,Thriller
5878044,picnic at hanging rock,1975,Ben,2,Ben Hussey,BEN,18.100000000000023,1,5878044.0,"LGBT, Thriller, Horror, World cinema, Supernatural, Mystery, Period piece, Coming of age, Drama"
872441,first blood,1982,Sam,4,Sam Trautman,SAM,17.833333333333314,1,872441.0,"Thriller, Adventure, Psychological thriller, Action Thrillers, Drama, Action"
73425,the deer hunter,1978,Michael,3,Michael Cimino's,MICHAEL,17.633333333331393,1,73425.0,"Anti-war, Ensemble Film, Drama, War film, Anti-war film, New Hollywood"
20179415,halloween,1978,Michael,32,Michael Myers,MICHAEL,17.633333333331393,1,20179415.0,"Thriller, Horror, Indie, Cult, Slasher, Teen"
261402,robin hood: prince of thieves,1991,Robin,29,Robin Hood,ROBIN,17.466666666666697,1,261402.0,"Swashbuckler films, Adventure, Costume drama, Costume Adventure, Action/Adventure, Period piece, Drama, Romantic drama, Romance Film"
35919373,from here to eternity,1979,Lorene,2,Lorene Rogers,LORENE,17.233333333333334,1,35919373.0,Drama
2829485,the neverending story,1984,Fantasia,3,Fantasia,FANTASIA,16.75,1,2829485.0,
55447,star wars episode iii: revenge of the sith,2005,Mace,4,Jedi Master Mace Windu,MACE,16.066666666666663,1,55447.0,"Science Fiction, Action, Fantasy, Tragedy, Adventure"
97646,die hard,1988,Eddie,2,Eddie,EDDIE,15.933333333333168,1,97646.0,"Crime Fiction, Thriller, Action, Action/Adventure"
76018,who framed roger rabbit,1988,Eddie,12,Eddie Valiant,EDDIE,15.933333333333168,1,76018.0,"Parody, Crime Fiction, Fantasy Comedy, Buddy film, Animation, Action/Adventure, Mystery, Fantasy, Comedy, Black comedy, Family Film, Action"
204019,notting hill,1999,Spike,4,Spike,SPIKE,15.499999999999998,1,204019.0,"Romantic comedy, Romance Film, Comedy"
11077335,doctor zhivago,1965,Yuri,2,Yuri Zhivago,YURI,15.333333333333332,1,11077335.0,Costume drama
97758,doctor zhivago,1965,Yuri,5,Yuri Andreyevich Zhivago,YURI,15.333333333333332,1,97758.0,"Roadshow theatrical release, Epic, Period piece, Drama, War film, Romantic drama, Romance Film"
145892,28 days later,2002,Farrell,4,a Sergeant Farrell,FARRELL,15.2,1,145892.0,"Thriller, Science Fiction, Horror, Doomsday film, Sci-Fi Horror, Plague, Zombie Film"
68245,bonnie and clyde,1967,Buck,2,Buck,BUCK,14.633333333333333,1,68245.0,"Crime Fiction, Heist, Gangster Film, Crime Drama, Road movie, Action/Adventure, Drama, Outlaw, Romance Film, Action, Biographical film, New Hollywood"
6816597,la notte,1961,Valentina,4,Valentina Gherardini,VALENTINA,14.166666666666671,1,6816597.0,"Marriage Drama, Drama, World cinema, Black-and-white, Art film"
1854000,the bourne ultimatum,2007,Daniels,6,Neal Daniels,DANIELS,12.5,1,1854000.0,"Thriller, Crime Fiction, Action/Adventure, Mystery, Martial Arts Film, Drama, Film adaptation, Action Thrillers, Action, Spy"
87983,stand by me,1986,Hogan,2,Charlie Hogan,HOGAN,11.666666666666668,1,87983.0,"Adventure, Period piece, Coming of age, Film adaptation, Drama, Teen"
41528,forrest gump,1994,Blue,3,"Benjamin Buford ""Bubba"" Blue",BLUE,11.466666666666669,1,41528.0,"Coming of age, Comedy film, Drama, War film, Romantic drama, Romance Film"
171623,training day,2001,Hoyt,12,Jake Hoyt,HOYT,10.4,1,171623.0,"Crime Fiction, Crime Thriller, Drama, Adventure, Thriller"
75270,the outlaw josey wales,1976,Josey,2,Josey Wales,JOSEY,10.0,1,75270.0,"Action/Adventure, Revisionist Western, Western, War film"
97646,die hard,1988,Kristoff,2,knocks Kristoff,KRISTOFF,9.866666666666667,1,97646.0,"Crime Fiction, Thriller, Action, Action/Adventure"
695780,casino,1995,Frankie,2,Frankie Marino,FRANKIE,8.100000000000023,1,695780.0,"Crime Fiction, Biography, Gangster Film, Period piece, Drama, Film adaptation"
870946,the bourne supremacy,2004,Abbott,8,Ward Abbott,ABBOTT,7.833333333333334,1,870946.0,"Thriller, Crime Fiction, Action/Adventure, Mystery, Martial Arts Film, Drama, Film adaptation, Action Thrillers, Action, Spy"
511228,the poseidon adventure,1972,Manny,4,Manny Rosen,MANNY,7.133333333333336,1,511228.0,"Thriller, Adventure, Action/Adventure, Drama, Disaster, Action"
1411169,andrei rublev,1966,Andrei,38,Andrei Rublev's,ANDREI,7.066666666666668,1,1411169.0,"Christian film, Biography, Art film, World cinema, Costume drama, History, Biopic [feature], Period piece, Drama, War film, Biographical film, Historical fiction, Historical Epic, Historical drama"
448735,elf,2003,Buddy,3,Buddy,BUDDY,6.066666666666663,1,448735.0,
352795,jaws 2,1978,Peterson,2,Len Peterson,PETERSON,5.666666666666668,1,352795.0,"Thriller, Natural horror films, Horror, Adventure, Creature Film, Action/Adventure, Suspense, Action, Slasher"
146947,spider-man,2002,Daily,12,Spider-Man to Daily Bugle,DAILY,5.0,1,146947.0,"Adventure, Superhero movie, Action/Adventure, Fantasy, Coming of age, Action"
684771,enemy of the state,1998,Banks,3,Rachel Banks,BANKS,5.0,1,684771.0,"Thriller, Action Thrillers, Chase Movie, Action/Adventure, Drama, Suspense, Political thriller, Crime Thriller, Action"
8695,dr. strangelove or: how i learned to stop worrying and love the bomb,1964,Alexei,4,Alexei de Sadeski,ALEXEI,4.5,1,8695.0,"Drama, Comedy"
933321,kelly's heroes,1970,Colt,2,Colt,COLT,4.233333333333334,1,933321.0,"Crime Fiction, Heist, Adventure, Anti-war, Action/Adventure, Satire, Comedy, War film, Action, Anti-war film"
3793631,children of men,2006,Faron,15,Theo Faron,FARON,4.166666666666666,1,3793631.0,"Thriller, Action Thrillers, Science Fiction, Future noir, Adventure, Doomsday film, Action/Adventure, Mystery, Drama, Film adaptation, Action, Dystopia"
481649,basic instinct,1992,Garner,15,Beth Garner,GARNER,4.133333333333335,1,481649.0,"LGBT, Thriller, Mystery, Psychological thriller, Erotic thriller, Drama, Crime Thriller"
10645970,rocky,1981,Shankar,3,Shankar,SHANKAR,4.0,1,10645970.0,"World cinema, Musical, Drama, Romantic drama, Romance Film, Bollywood"
5842075,fear and loathing in las vegas,1998,Raoul,10,Raoul Duke,RAOUL,3.866666666666667,1,5842075.0,"Buddy film, Adventure, Absurdism, Road movie, Experimental film, Cult, Drama, Comedy, Black comedy, Avant-garde"
34344124,terminator 2: judgment day,1991,Dyson,4,Miles Dyson,DYSON,3.833333333333334,1,34344124.0,"Thriller, Science Fiction, Doomsday film, Action/Adventure, Time travel, Action"
4608223,west side story,1961,Bernardo,22,Bernardo Nuñez,BERNARDO,3.8333333333333286,1,4608223.0,"Crime Fiction, Musical, Drama, Romance Film, Musical Drama, Juvenile Delinquency Film"
352795,jaws 2,1978,Andrews,3,Tom Andrews,ANDREWS,3.500000000000001,1,352795.0,"Thriller, Natural horror films, Horror, Adventure, Creature Film, Action/Adventure, Suspense, Action, Slasher"
3700174,jumanji,1995,Shepherd,8,Peter Shepherd,SHEPHERD,3.5,1,3700174.0,
88326,ferris bueller's day off,1986,Ferris,24,Ferris Bueller,FERRIS,3.3000000000000007,1,88326.0,"Cult, Drama, Coming of age, Comedy, Teen"
76630,the wild bunch,1969,Deke,7,Deke Thornton,DEKE,2.666666666666667,1,76630.0,"Western, Action"
4549625,the silence,1963,Johan,9,Johan,JOHAN,2.3333333333333286,1,4549625.0,"World cinema, Drama, Art film, Black-and-white"
68245,bonnie and clyde,1967,Parker,9,Bonnie Parker,PARKER,2.2333333333333343,1,68245.0,"Crime Fiction, Heist, Gangster Film, Crime Drama, Road movie, Action/Adventure, Drama, Outlaw, Romance Film, Action, Biographical film, New Hollywood"
23487440,alien,1979,Ash,4,Ash,ASH,2.0,1,23487440.0,"Science Fiction, Horror, Adventure, Sci-Fi Horror, Creature Film, New Hollywood"
321496,pirates of the caribbean: the curse of the black pearl,2003,Sparrow,33,Jack Sparrow,SPARROW,2.0,1,321496.0,"Swashbuckler films, Fantasy Adventure, Adventure, Action/Adventure, Fantasy, Comedy, Adventure Comedy, Action"
481649,basic instinct,1992,Gus,11,Gus Moran,GUS,1.933333333333337,1,481649.0,"LGBT, Thriller, Mystery, Psychological thriller, Erotic thriller, Drama, Crime Thriller"
97758,doctor zhivago,1965,Pasha,7,Pasha Antipov,PASHA,1.7999999999999998,1,97758.0,"Roadshow theatrical release, Epic, Period piece, Drama, War film, Romantic drama, Romance Film"
68245,bonnie and clyde,1967,Moss,2,C.W. Moss,MOSS,1.666666666666667,1,68245.0,"Crime Fiction, Heist, Gangster Film, Crime Drama, Road movie, Action/Adventure, Drama, Outlaw, Romance Film, Action, Biographical film, New Hollywood"
74868,the last picture show,1971,Crawford,11,Sonny Crawford,CRAWFORD,1.5333333333333314,1,74868.0,"Ensemble Film, Slice of life story, Americana, Black-and-white, Period piece, Coming of age, Film adaptation, Drama, New Hollywood"
133648,scent of a woman,1992,Ranger,8,Army Ranger Lieutenant Colonel Frank Slade,RANGER,1.25,1,133648.0,"Drama, Coming of age"
1210303,constantine,2005,Lucifer,9,Lucifer,LUCIFER,1.25,1,1210303.0,"Fantasy, Horror, Action, Drama, Mystery"
950929,the haunting,1963,Hill,4,Hill House,HILL,1.0,1,950929.0,"Drama, Horror, Psychological horror"
697113,big trouble in little china,1986,Lo,12,Lo Pan's,LO,1.0,1,697113.0,"Fantasy Comedy, Adventure, Action Comedy, Martial Arts Film, Fantasy, Comedy, Romance Film, Action"
129493,dead poets society,1989,Knox,3,Knox Overstreet,KNOX,0.8333333333333339,1,129493.0,"Ensemble Film, School story, Period piece, Drama, Coming of age, Teen"
1449256,point blank,1967,Walker,3,Walker,WALKER,0.5333333333333385,1,1449256.0,"Thriller, Crime Fiction, Gangster Film, Mystery, Drama, Film noir, Crime Thriller, New Hollywood"
3917873,chitty chitty bang bang,1968,Jemima,2,Jemima Potts,JEMIMA,0.5,1,3917873.0,"Musical, Family Film, Fantasy, Comedy, Family-Oriented Adventure"
155997,boyz n the hood,1991,Ferris,5,Ferris,FERRIS,0.4000000000000003,1,155997.0,"Crime Fiction, Drama, Coming of age, Teen"
4440277,highlander,1986,Ramirez,5,Lobos Ramirez,RAMIREZ,0.3333333333333339,1,4440277.0,"Cult, Action/Adventure, Science Fiction, Fantasy, Superhero movie"
1917925,what ever happened to baby jane?,1962,Hudson,38,Baby Jane Hudson,HUDSON,0.3333333333333339,1,1917925.0,"Thriller, Drama, Horror, Psychological thriller"
31557,"the good, the bad and the ugly",1966,Blondie,37,Blondie,BLONDIE,0.333333333333333,1,31557.0,"World cinema, Epic Western, Spaghetti Western, Action/Adventure, Revisionist Western, Western, War film, Action"
1059280,superman ii,1981,Lex,4,Lex Luthor,LEX,0.0333333333333332,1,1059280.0,"Science Fiction, Adventure, Superhero movie, Superhero, Action/Adventure, Alien Film, Family Film, Action"
