Wikipedia ID,Movie Name,Year,Character Name,Count,Full name,Normalized_name,Mean Difference,Influenced
343408,the aristocats,1970,Thomas,4,Thomas O'Malley,THOMAS,462.5,0
1145761,where eagles dare,1968,Thomas,3,Thomas,THOMAS,347.4333333333333,0
633411,the avengers,1998,Emma,15,Emma Peel,EMMA,316.23333333333335,1
74537,brazil,1985,Ida,2,Ida,IDA,290.1333333333334,0
695227,lethal weapon 2,1989,Martin,9,Martin Riggs,MARTIN,285.9,0
30006,the silence of the lambs,1991,Martin,2,Catherine Martin,MARTIN,261.4666666666666,0
235418,lethal weapon,1987,Martin,7,Martin Riggs,MARTIN,239.89999999999998,1
1107088,"the karate kid, part ii",1986,Daniel,26,Daniel,DANIEL,237.53333333333336,0
17917662,the notebook,2004,Noah,24,Noah Calhoun,NOAH,233.36666666666667,0
91133,the karate kid,1984,Daniel,23,Daniel LaRusso,DANIEL,231.46666666666664,0
84931,witness,1985,Daniel,3,Daniel Hochleitner,DANIEL,227.10000000000002,0
695266,lethal weapon 3,1992,Martin,5,Martin Riggs,MARTIN,209.70000000000005,0
62668,the ring,2002,Noah,6,Noah,NOAH,202.63333333333333,1
3156200,hang 'em high,1968,Tommy,2,Tommy,TOMMY,200.1,0
18952889,"it's a mad, mad, mad, mad world",1963,Monica,3,Monica,MONICA,195.66666666666669,0
503573,dazed and confused,1993,Julie,2,Julie Simms,JULIE,190.33333333333331,1
511228,the poseidon adventure,1972,Linda,2,Linda,LINDA,189.46666666666664,0
1424739,pierrot le fou,1965,Marianne,8,Marianne Renoir,MARIANNE,161.36666666666662,0
2236472,transformers,2007,William,2,William Lennox,WILLIAM,155.83333333333331,1
3213691,there will be blood,2007,William,5,William Bandy,WILLIAM,155.83333333333331,1
481605,batman begins,2005,William,2,William Earle,WILLIAM,147.73333333333332,1
1385251,wedding crashers,2005,William,6,William Cleary,WILLIAM,147.73333333333332,1
1854000,the bourne ultimatum,2007,Noah,15,Noah Vosen,NOAH,142.0,0
525113,tombstone,1993,Marcus,6,Josephine Marcus,MARCUS,134.5,1
347000,suspiria,1977,Daniel,3,Daniel,DANIEL,133.9,0
6804043,gladiator,2000,Noah,4,Noah,NOAH,131.7,1
179351,one hundred and one dalmatians,1961,Anita,5,Anita,ANITA,129.5,0
4608223,west side story,1961,Anita,25,Anita,ANITA,129.5,0
2982688,x-men origins: wolverine,2009,William,2,William Stryker,WILLIAM,128.89999999999998,0
352795,jaws 2,1978,Martin,13,Martin Brody,MARTIN,122.16666666666669,1
321496,pirates of the caribbean: the curse of the black pearl,2003,William,3,"William ""Bootstrap Bill",WILLIAM,113.26666666666668,1
129619,ghost,1990,Oda,7,Oda Mae's,ODA,112.73333333333335,1
41528,forrest gump,1994,Benjamin,3,"Benjamin Buford ""Bubba"" Blue",BENJAMIN,110.3,1
248222,the fast and the furious,2001,Mia,6,Mia,MIA,109.6,1
3793631,children of men,2006,Theo,15,Theo Faron,THEO,103.86666666666666,1
370064,love actually,2003,Mia,3,Mia  ,MIA,103.13333333333333,0
74830,jaws,1975,Martin,6,Martin Brody,MARTIN,99.03333333333333,0
17384479,ransom,1975,Martin,5,Martin Shepherd,MARTIN,99.03333333333333,0
33270,when harry met sally...,1989,Marie,3,Marie,MARIE,96.76666666666668,0
77744,wayne's world,1992,Benjamin,10,Benjamin Kane,BENJAMIN,95.36666666666666,1
431562,almost famous,2000,William,39,William Miller,WILLIAM,92.2,1
513149,cannibal holocaust,1980,Anders,3,Jack Anders,ANDERS,91.39999999999998,0
309070,the dirty dozen,1967,Robert,2,Robert Jefferson,ROBERT,91.06666666666666,0
204019,notting hill,1999,William,4,"William ""Will",WILLIAM,89.1,1
97646,die hard,1988,Alexander,2,Alexander,ALEXANDER,86.36666666666667,0
716738,meet joe black,1998,William,19,"William ""Bill""",WILLIAM,84.63333333333334,1
73467,five easy pieces,1970,Robert,7,Robert Dupea,ROBERT,84.5333333333333,0
553101,the fly,1986,Helene,8,Helene,HELENE,79.4666666666667,0
217776,"they shoot horses, don't they?",1969,Robert,7,Robert Syverton,ROBERT,77.63333333333333,0
76394,tootsie,1982,Julie,18,Michael  approaches Julie,JULIE,77.1,1
23830211,requiem for a dream,2000,Sara,4,Sara Goldfarb,SARA,74.43333333333334,0
17298593,mission: impossible – ghost protocol,2011,William,4,William Brandt,WILLIAM,74.39999999999998,0
179044,the jerk,1979,Marie,10,Marie knocks,MARIE,73.76666666666665,0
1210303,constantine,2005,Gabriel,8,Gabriel,GABRIEL,73.23333333333335,1
43566,heat,1995,Hanna,5,Vincent Hanna,HANNA,72.96666666666667,1
294998,home alone 2: lost in new york,1992,Kevin,30,Kevin,KEVIN,69.66666666666666,0
4560,braveheart,1995,William,30,William Wallace,WILLIAM,69.5,1
216072,home alone,1990,Kevin,16,Kevin,KEVIN,68.5,1
302970,edward scissorhands,1990,Kevin,2,Kevin,KEVIN,68.5,1
370064,love actually,2003,David,7,David,DAVID,67.83333333333334,0
301574,the little mermaid,1989,Sebastian,2,Sebastian,SEBASTIAN,67.4,0
303933,twister,1996,Jonas,20,Jonas Miller,JONAS,66.9666666666667,0
511228,the poseidon adventure,1972,Martin,2,James Martin,MARTIN,66.7,1
1623960,brokeback mountain,2005,Alma,6,Alma Jr.,ALMA,66.3,1
41528,forrest gump,1994,Jenny,7,Jenny,JENNY,64.03333333333335,0
654530,legends of the fall,1994,William,6,William Ludlow,WILLIAM,63.9,1
503573,dazed and confused,1993,Kevin,2,Kevin Pickford's,KEVIN,61.76666666666665,0
4608223,west side story,1961,John,2,Baby John  ,JOHN,61.333333333333314,0
442308,once upon a time in america,1984,Patrick,5,"Patrick ""Patsy"" Goldberg",PATRICK,61.133333333333326,1
179351,one hundred and one dalmatians,1961,Roger,8,Songwriter Roger Radcliffe,ROGER,58.833333333333314,1
248222,the fast and the furious,2001,Leon,2,Leon,LEON,58.5,1
1125221,national lampoon's christmas vacation,1989,Nora,3,Nora Griswold,NORA,58.1,1
142049,minority report,2002,Leo,8,Leo Crow,LEO,57.43333333333333,1
58147,the manchurian candidate,1962,John,11,John Yerkes Iselin,JOHN,57.166666666666686,0
1100688,carnival of souls,1962,John,2,John Linden,JOHN,57.166666666666686,0
1519783,fantastic four,2005,Storm,9,Susan Storm,STORM,57.16666666666667,0
1519783,fantastic four,2005,Storm,6,Johnny Storm,STORM,57.16666666666667,0
453236,fast times at ridgemont high,1982,Lisa,4,Lisa,LISA,56.56666666666668,0
145892,28 days later,2002,Hannah,7,Hannah,HANNAH,53.599999999999994,0
1100688,carnival of souls,1962,Thomas,2,Thomas,THOMAS,53.0,0
1659954,a clockwork orange,1971,Alexander,36,F. Alexander,ALEXANDER,52.96666666666667,0
19625929,falling down,1993,William,30,William Foster,WILLIAM,52.93333333333333,1
2270205,viridiana,1961,Rita,2,Rita,RITA,52.83333333333334,1
51888,indiana jones and the last crusade,1989,Marcus,3,Marcus Brody's,MARCUS,52.46666666666667,1
481605,batman begins,2005,Jonathan,5,Jonathan Crane,JONATHAN,52.16666666666666,0
10457303,the conformist,1970,Anna,5,Anna - the,ANNA,51.83333333333334,1
1891886,v for vendetta,2006,Adam,3,Adam Sutler,ADAM,48.5,1
3210534,saw,2004,David,11,David,DAVID,48.133333333333354,0
598397,shaun of the dead,2004,David,4,David  and,DAVID,48.133333333333354,0
7870124,the lion in winter,1968,Richard,5,Prince Richard,RICHARD,44.1,0
65834,schindler's list,1993,Oskar,8,Oskar Schindler,OSKAR,42.9,1
3569822,a beautiful mind,2001,Herman,4,Charles Herman,HERMAN,40.83333333333334,0
133574,unforgiven,1992,William,21,William Munny,WILLIAM,40.3,0
73441,e.t. the extra-terrestrial,1982,Michael,8,Michael,MICHAEL,40.266666666666666,0
76394,tootsie,1982,Michael,18,Michael  approaches Julie,MICHAEL,40.266666666666666,0
2251266,ocean's eleven,2001,Linus,2,Linus Caldwell,LINUS,40.16666666666667,1
32252,unbreakable,2000,David,20,David Dunn,DAVID,40.16666666666666,0
54540,coming to america,1988,Lisa,8,Lisa,LISA,39.8,0
1025150,saw,2004,Adam,18,Adam,ADAM,38.866666666666674,0
673472,the lost boys,1987,Michael,26,Michael Emerson,MICHAEL,38.76666666666665,0
235418,lethal weapon,1987,Michael,3,Michael Hunsaker,MICHAEL,38.76666666666665,0
337740,bram stoker's dracula,1992,Mina,17,Mina,MINA,37.9,1
870946,the bourne supremacy,2004,Alexander,4,Alexander Conklin,ALEXANDER,36.666666666666686,0
4276475,the dark knight,2008,Alfred,2,Alfred Pennyworth,ALFRED,35.96666666666667,1
14941280,ratatouille,2007,Anton,6,Anton Ego,ANTON,35.866666666666674,1
3920193,no country for old men,2007,Anton,3,Anton Chigurh,ANTON,35.866666666666674,1
676909,the terminal,2004,Amelia,3,Amelia Warren,AMELIA,34.666666666666664,0
261402,robin hood: prince of thieves,1991,Robin,29,Robin Hood,ROBIN,34.400000000000006,0
451062,the dead zone,1983,Sarah,5,Sarah Bracknell,SARAH,34.26666666666667,0
447299,from dusk till dawn,1996,Jacob,10,Jacob,JACOB,33.9,1
508044,frenzy,1972,Robert,12,Robert Rusk,ROBERT,33.0333333333333,0
5476946,the incredible hulk,2008,Samuel,5,Samuel Sterns,SAMUEL,33.0,0
957359,the mummy returns,2001,Jonathan,5,Jonathan,JONATHAN,32.633333333333326,0
196176,straw dogs,1971,David,21,David Sumner,DAVID,32.56666666666667,1
2002104,halloween ii,1981,Michael,14,Michael Myers's,MICHAEL,32.366666666666674,0
20786,mulholland drive,2001,Adam,7,Adam Kesher,ADAM,32.16666666666667,0
666923,the lost world: jurassic park,1997,Sarah,12,Sarah Harding,SARAH,32.06666666666668,0
28880684,"crazy, stupid, love.",2011,Emily,3,Emily,EMILY,31.66666666666667,0
4836239,the sound of music,1965,Maria,19,Maria,MARIA,31.566666666666663,0
648921,face/off,1997,Victor,2,Victor Lazarro,VICTOR,31.200000000000003,1
920296,somewhere in time,1980,Elise,5,Elise McKenna,ELISE,31.166666666666664,1
9979,eyes wide shut,1999,Victor,9,Victor Ziegler,VICTOR,30.53333333333333,1
104984,rocky iv,1985,Nicolai,2,Nicolai Koloff,NICOLAI,30.433333333333337,0
30327,the terminator,1984,Sarah,12,Sarah Connor,SARAH,30.266666666666673,0
87983,stand by me,1986,Chris,6,Chris Chambers,CHRIS,30.133333333333326,0
113460,platoon,1986,Chris,18,Chris Taylor,CHRIS,30.133333333333326,0
177906,labyrinth,1986,Sarah,22,Sarah,SARAH,29.0,0
22144721,iron man 2,2010,Anton,15,Anton Vanko,ANTON,28.866666666666674,0
2021400,the 40-year-old virgin,2005,David,3,David,DAVID,28.46666666666667,0
348737,mrs. doubtfire,1993,Jonathan,8,Jonathan Lundy,JONATHAN,28.366666666666674,0
101935,network,1976,Christine,2,Christine Chubbuck,CHRISTINE,28.26666666666665,0
241171,weird science,1985,Lisa,24,Lisa,LISA,27.966666666666654,0
5878044,picnic at hanging rock,1975,Sara,7,Believing Sara,SARA,27.933333333333337,0
2969247,quantum of solace,2008,Felix,3,Felix Leiter,FELIX,27.766666666666666,0
2809621,the prestige,2006,Alfred,2,Magician Alfred Borden,ALFRED,26.133333333333336,1
24480838,black swan,2010,Lily,11,Lily,LILY,25.6,0
337740,bram stoker's dracula,1992,Jonathan,9,Jonathan Harker,JONATHAN,25.56666666666667,0
31941988,harry potter and the deathly hallows – part 2,2011,Lily,2,Lily,LILY,25.233333333333334,0
1399119,assault on precinct 13,1976,Julie,2,Julie,JULIE,25.200000000000003,0
4597853,the devil wears prada,2006,Emily,2,Emily Charlton,EMILY,25.1,0
12064359,cloverfield,2008,Lily,2,Lily,LILY,24.933333333333337,0
1854000,the bourne ultimatum,2007,Albert,4,Albert Hirsch,ALBERT,24.866666666666674,1
25080984,the king's speech,2010,Albert,12,Prince Albert,ALBERT,24.233333333333327,1
68374,true lies,1994,Simon,5,Simon,SIMON,24.19999999999999,0
370064,love actually,2003,Sarah,3,Sarah,SARAH,24.066666666666663,0
225615,terminator 3: rise of the machines,2003,Sarah,2,Sarah Connor,SARAH,24.066666666666663,0
481605,batman begins,2005,Alfred,2,Alfred Pennyworth,ALFRED,23.433333333333337,1
73170,aladdin,1992,Ali,2,Ali,ALI,23.266666666666666,0
6641931,i am legend,2007,Anna,10,Anna,ANNA,23.19999999999999,0
724258,mission: impossible,1996,Sarah,2,Sarah Davies,SARAH,23.099999999999994,0
51906,breakfast at tiffany's,1961,Fred,5,Fred,FRED,23.0,0
146236,close encounters of the third kind,1977,David,2,David Laughlin,DAVID,22.700000000000003,0
73875,the godfather part ii,1974,Kay,3,Kay,KAY,22.1,1
3156200,hang 'em high,1968,Adam,4,Adam Fenton,ADAM,21.8,0
2466773,the godfather,1972,Michael,21,Michael,MICHAEL,20.733333333333327,0
1836615,through a glass darkly,1961,Martin,6,Martin,MARTIN,19.83333333333333,0
1267713,the others,2001,Victor,3,Victor,VICTOR,19.33333333333333,0
963986,the bourne identity,2002,Alexander,4,Alexander Conklin,ALEXANDER,18.76666666666671,0
23941708,2001: a space odyssey,1968,David,14,David Bowman,DAVID,18.666666666666664,0
20179415,halloween,1978,Michael,32,Michael Myers,MICHAEL,18.233333333333334,0
73425,the deer hunter,1978,Michael,3,Michael Cimino's,MICHAEL,18.233333333333334,0
2173342,two mules for sister sara,1970,Sara,2,Sara,SARA,18.033333333333335,0
9822793,death wish,1974,Joanna,5,Joanna,JOANNA,17.633333333333336,0
5735396,invasion of the body snatchers,1978,David,5,David Kibner,DAVID,17.633333333333326,0
456601,the fly,1986,Veronica,18,Veronica Quaife,VERONICA,17.53333333333333,0
2158246,jules and jim,1962,Jim,13,Jim,JIM,17.5,0
598397,shaun of the dead,2004,Phillip,5,Phillip,PHILLIP,17.033333333333335,1
680398,beverly hills cop,1984,Jenny,10,Jenny Summers,JENNY,16.9,0
1267713,the others,2001,Nicholas,4,Nicholas,NICHOLAS,16.733333333333334,0
204019,notting hill,1999,Max,2,Max,MAX,16.7,1
370064,love actually,2003,Natalie,4,Natalie  ,NATALIE,16.5,0
18996,mean streets,1973,Michael,4,Michael,MICHAEL,16.299999999999997,0
179044,the jerk,1979,Carl,2,Carl Reiner,CARL,16.16666666666667,0
103026,kramer vs. kramer,1979,Joanna,11,Joanna,JOANNA,16.133333333333333,0
3261733,pan's labyrinth,2006,Carmen,2,Carmen,CARMEN,15.966666666666665,0
633052,inglourious basterds,2009,Wilhelm,3,Sergeant Wilhelm,WILHELM,15.633333333333333,1
618929,ghostbusters ii,1989,Oscar,7,Oscar,OSCAR,15.566666666666668,0
97758,doctor zhivago,1965,Anna,2,Anna  Gromeko,ANNA,15.533333333333331,0
683486,little big man,1970,Caroline,5,Caroline,CAROLINE,15.266666666666667,0
11659396,up,2009,Ellie,3,Ellie,ELLIE,15.166666666666668,1
12673434,thor,2011,Thor,6,Thor,THOR,15.166666666666664,1
284676,once upon a time in the west,1968,Jill,8,Jill,JILL,14.866666666666667,0
441926,a fistful of dollars,1964,John,3,John Baxter's,JOHN,14.75,0
3700174,jumanji,1995,Sarah,9,Sarah Whittle,SARAH,14.666666666666671,0
920296,somewhere in time,1980,William,5,William Fawcett Robinson,WILLIAM,14.566666666666666,0
25080984,the king's speech,2010,Edward,2,Edward,EDWARD,14.5,0
68485,jurassic park,1993,Dennis,2,Dennis Nedry,DENNIS,14.5,0
324616,my cousin vinny,1992,Lisa,8,Mona Lisa Vito,LISA,14.233333333333348,0
6984559,the guns of navarone,1961,Maria,5,Maria,MARIA,14.166666666666671,0
4608223,west side story,1961,Maria,42,Maria,MARIA,14.166666666666671,0
77856,mary poppins,1964,Michael,5,Michael,MICHAEL,14.083333333333336,0
68245,bonnie and clyde,1967,Frank,4,Texas Ranger Frank Hamer,FRANK,13.966666666666697,0
28880684,"crazy, stupid, love.",2011,Jacob,34,Jacob returns Cal's,JACOB,13.933333333333337,0
394792,jackie brown,1997,Max,11,Max Cherry,MAX,13.866666666666667,0
657446,liar liar,1997,Max,13,Max,MAX,13.866666666666667,0
684771,enemy of the state,1998,Albert,3,Sam Albert,ALBERT,13.833333333333332,1
2492199,winter light,1963,Fredrik,3,Fredrik,FREDRIK,13.833333333333332,0
25357930,sherlock holmes,2009,Victoria,2,Queen Victoria,VICTORIA,13.800000000000011,0
5788437,the name of the rose,1986,William,12,William of Baskerville,WILLIAM,13.733333333333334,0
358367,pete's dragon,1977,Nora,16,Nora,NORA,13.733333333333333,1
673472,the lost boys,1987,David,10,David,DAVID,13.599999999999994,0
612052,spider-man 2,2004,Jonah,2,J. Jonah Jameson's,JONAH,13.5,0
106117,thelma & louise,1991,Louise,12,Louise Sawyer,LOUISE,13.433333333333337,0
667194,american gigolo,1980,Michelle,4,Michelle Stratton,MICHELLE,13.333333333333332,0
1048695,dracula,1979,Jonathan,6,Jonathan Harker,JONATHAN,13.3,0
357473,die hard: with a vengeance,1995,Simon,17,Simon,SIMON,13.266666666666652,0
347000,suspiria,1977,Sarah,15,Sarah,SARAH,13.23333333333333,0
5016250,watchmen,2009,Edward,3,Edward Blake,EDWARD,13.2,0
3733842,seconds,1966,Tony,3,Tony Wilson,TONY,13.066666666666666,0
919013,two for the road,1967,Joanna,11,Joanna,JOANNA,13.033333333333331,0
4549625,the silence,1963,Anna,22,Anna,ANNA,13.0,0
5878044,picnic at hanging rock,1975,Marion,3,Marion,MARION,12.966666666666669,1
683486,little big man,1970,Olga,7,Olga,OLGA,12.733333333333334,0
1252914,indiana jones and the kingdom of the crystal skull,2008,Henry,10,"Henry ""Mutt"" Williams",HENRY,12.73333333333333,0
1252914,indiana jones and the kingdom of the crystal skull,2008,Henry,17,Henry Jones III,HENRY,12.73333333333333,0
31775043,prometheus,2012,Charlie,4,Charlie Holloway,CHARLIE,12.7,0
487300,fanny and alexander,1982,Emilie,5,Emilie,EMILIE,12.583333333333332,0
348737,mrs. doubtfire,1993,Natalie,2,Natalie,NATALIE,12.466666666666661,0
667371,harry potter and the prisoner of azkaban,2004,Peter,3,Peter Pettigrew's,PETER,12.299999999999997,0
612052,spider-man 2,2004,Peter,22,Peter Parker,PETER,12.299999999999997,0
3616797,gladiator,2000,Marcus,2,Marcus Aurelius',MARCUS,12.266666666666652,0
267848,scarface,1983,Tony,52,Tony Montana,TONY,12.233333333333334,0
76331,scarface,1983,Tony,2,Tony Camonte,TONY,12.233333333333334,0
76331,scarface,1983,Tony,22,Tony pursues Lovo,TONY,12.233333333333334,0
34130,wargames,1983,David,9,David Lightman,DAVID,12.099999999999994,0
3213691,there will be blood,2007,Henry,3,Henry,HENRY,12.0,1
23270459,inception,2010,Yusuf,2,Yusuf,YUSUF,11.9,0
27372372,limitless,2011,Edward,34,"Edward ""Eddie"" Morra",EDWARD,11.833333333333332,0
51906,breakfast at tiffany's,1961,Paul,22,Paul Varjak,PAUL,11.666666666666671,0
3842730,the untouchables,1987,Oscar,5,Oscar Wallace,OSCAR,11.666666666666668,0
21918632,the hangover,2009,Melissa,2,Melissa,MELISSA,11.600000000000001,0
99545,this is spinal tap,1984,David,6,David beckons Nigel,DAVID,11.166666666666671,0
919013,two for the road,1967,David,3,David,DAVID,11.100000000000001,0
19755481,wait until dark,1967,Lisa,9,Lisa,LISA,11.0,0
2466773,the godfather,1972,Kay,4,Kay Adams,KAY,10.966666666666669,0
58147,the manchurian candidate,1962,Raymond,23,Sergeant Raymond Shaw,RAYMOND,10.833333333333336,1
525113,tombstone,1993,Fabian,2,Fabian,FABIAN,10.7,0
899442,charade,1963,Adam,9,Adam Canfield,ADAM,10.666666666666668,1
633052,inglourious basterds,2009,Omar,3,Omar,OMAR,10.633333333333336,0
4727,batman,1966,Robin,7,Robin,ROBIN,10.533333333333331,0
673472,the lost boys,1987,Max,12,Max,MAX,10.5,0
1584998,black christmas,1974,Chris,2,Chris,CHRIS,10.5,1
2982688,x-men origins: wolverine,2009,Victor,9,Victor Creed,VICTOR,10.400000000000006,0
217982,caddyshack,1980,Carl,3,Carl Spackler,CARL,10.400000000000006,0
4227,barry lyndon,1975,Nora,4,Nora Brady,NORA,10.4,0
899442,charade,1963,Alexander,6,Alexander Dyle,ALEXANDER,10.333333333333334,1
1001142,repulsion,1965,Helen,2,Helen,HELEN,10.266666666666673,0
4836072,my fair lady,1964,Freddy,2,Freddy Eynsford-Hill,FREDDY,10.083333333333336,0
725459,the exorcist,1973,Chris,6,Chris MacNeil,CHRIS,10.0,1
702117,spider-man 3,2007,Dennis,2,Dennis Carradine,DENNIS,9.866666666666674,0
101935,network,1976,Diana,8,Diana Christensen,DIANA,9.733333333333334,0
3746,blade runner,1982,Sebastian,5,J.F. Sebastian,SEBASTIAN,9.700000000000003,0
73875,the godfather part ii,1974,Michael,31,Michael Corleone,MICHAEL,9.599999999999994,0
101910,the towering inferno,1974,Michael,7,Michael O'Hallorhan,MICHAEL,9.599999999999994,0
2750041,memento,2000,Natalie,3,Natalie,NATALIE,9.399999999999999,0
362719,superman,1978,Jonathan,2,Jonathan Kent's,JONATHAN,9.333333333333332,0
11862690,juno,2007,Vanessa,6,Vanessa Loring,VANESSA,9.2,0
6322029,goldfinger,1964,Jill,4,Jill Masterson,JILL,9.083333333333334,1
31201599,ted,2012,Sam,3,Sam Jones,SAM,9.033333333333331,1
23270459,inception,2010,Arthur,7,Arthur,ARTHUR,8.866666666666667,0
1540319,the pink panther strikes again,1976,Olga,5,Olga Bariosova,OLGA,8.833333333333336,0
8481,dressed to kill,1980,Peter,5,Peter,PETER,8.733333333333334,0
312757,tron,1982,David,2,David Warner,DAVID,8.700000000000003,0
872386,papillon,1973,André,3,André Maturette,ANDRE,8.666666666666657,0
13901,heathers,1988,Martha,2,Martha Dunnstock,MARTHA,8.633333333333333,0
471370,an american werewolf in london,1981,David,26,David Kessler,DAVID,8.5,0
362719,superman,1978,Kent,2,Martha Kent,KENT,8.433333333333323,0
75261,national lampoon's animal house,1978,Kent,4,Kent Dorfman,KENT,8.433333333333323,0
97646,die hard,1988,Tony,2,Tony,TONY,8.233333333333334,0
43452,lawrence of arabia,1962,Ali,5,Sherif Ali,ALI,8.166666666666664,0
654530,legends of the fall,1994,Samuel,11,Samuel,SAMUEL,8.133333333333336,0
370064,love actually,2003,Colin,3,Colin meets Stacey,COLIN,8.0,0
75222,spaceballs,1987,Lone,12,Lone Starr,LONE,7.966666666666669,0
129493,dead poets society,1989,Chris,2,Chris,CHRIS,7.866666666666674,0
1001142,repulsion,1965,Michael,5,Michael,MICHAEL,7.633333333333333,0
34130,wargames,1983,Jennifer,4,Jennifer Mack,JENNIFER,7.600000000000001,0
1836615,through a glass darkly,1961,David,19,David  ,DAVID,7.5,0
1689394,pirates of the caribbean: at world's end,2007,Tia,2,Tia Dalma,TIA,7.333333333333332,0
3876620,all the president's men,1976,Carl,7,Carl Bernstein,CARL,7.333333333333329,0
4560,braveheart,1995,Isabella,6,Isabella,ISABELLA,7.300000000000001,0
11014779,8 mile,2002,Alex,3,Alex,ALEX,7.2333333333333325,0
42886,gattaca,1997,Anton,10,Anton,ANTON,7.133333333333333,0
5586296,the little mermaid,1989,Lena,4,Lena,LENA,7.033333333333331,0
143809,the fifth element,1997,Cornelius,3,Vito Cornelius,CORNELIUS,7.0,1
113460,platoon,1986,Elias,6,Sergeant Elias,ELIAS,6.933333333333332,0
142049,minority report,2002,Lara,3,Lara,LARA,6.866666666666665,0
511228,the poseidon adventure,1972,Robin,5,Robin,ROBIN,6.666666666666668,0
724258,mission: impossible,1996,Max,8,Max,MAX,6.600000000000001,0
42993,back to the future,1985,Jennifer,3,Jennifer,JENNIFER,6.533333333333331,0
1627058,how to steal a million,1966,Simon,8,Simon Dermott,SIMON,6.433333333333332,0
349941,being john malkovich,1999,Lotte,7,Lotte,LOTTE,6.399999999999999,0
406339,the crow,1994,Sarah,9,heartsick Sarah,SARAH,6.366666666666674,0
1349086,the departed,2006,Colin,28,Colin Sullivan,COLIN,6.333333333333334,0
19625929,falling down,1993,Adele,3,Adele,ADELE,6.333333333333333,0
84931,witness,1985,Samuel,9,Samuel,SAMUEL,6.266666666666669,0
433285,bullitt,1968,Carl,2,Detective Carl Stanton,CARL,6.266666666666666,0
77744,wayne's world,1992,Noah,3,Noah Vanderhoff,NOAH,6.25,1
957359,the mummy returns,2001,Alex,14,Alex visions,ALEX,6.2333333333333325,0
525314,shrek 2,2004,Fiona,29,Fiona Charming,FIONA,6.166666666666666,0
64394,goodfellas,1990,Karen,6,Karen,KAREN,6.066666666666677,0
20179415,halloween,1978,Samuel,7,Samuel Loomis,SAMUEL,6.033333333333331,0
618929,ghostbusters ii,1989,Jack,2,Jack,JACK,6.0,0
32411644,point blank,1967,Catherine,3,Catherine Fabre,CATHERINE,6.0,0
6446071,from russia with love,1963,Ali,9,Ali Kerim Bey,ALI,6.0,0
2580403,american pie,1999,Kevin,7,Kevin Myers,KEVIN,5.966666666666669,0
27372372,limitless,2011,Melissa,3,Melissa Gant,MELISSA,5.933333333333337,0
31176,the parent trap,1961,Susan,7,Sharon telephones Susan,SUSAN,5.833333333333332,0
343408,the aristocats,1970,Marie,3,Marie,MARIE,5.799999999999997,0
29942,the graduate,1967,Benjamin,49,Elaine confronts Benjamin,BENJAMIN,5.75,1
76018,who framed roger rabbit,1988,Jessica,3,Jessica,JESSICA,5.733333333333331,0
6984559,the guns of navarone,1961,Anna,2,Anna,ANNA,5.666666666666671,1
670407,harry potter and the order of the phoenix,2007,Arthur,2,Arthur Weasley,ARTHUR,5.633333333333333,0
2654186,zodiac,2007,Arthur,7,Arthur Leigh Allen,ARTHUR,5.633333333333333,0
448385,blowup,1966,David,2,David Bailey,DAVID,5.566666666666663,0
267848,scarface,1983,Omar,7,Omar Suarez,OMAR,5.5,0
235418,lethal weapon,1987,Peter,5,Peter McAllister,PETER,5.466666666666669,0
64394,goodfellas,1990,Henry,10,Henry Hill,HENRY,5.433333333333334,0
2885119,playtime,1967,Barbara,2,Barbara two,BARBARA,5.433333333333332,1
1048695,dracula,1979,Mina,7,Mina Van Helsing,MINA,5.366666666666667,0
7047921,little miss sunshine,2006,Edwin,3,Grandpa Edwin,EDWIN,5.333333333333334,0
157172,time bandits,1981,Kevin,23,Kevin,KEVIN,5.266666666666669,0
12319656,paint your wagon,1969,Jacob,2,Jacob Woodling,JACOB,5.199999999999999,0
648921,face/off,1997,Sean,26,Sean Archer,SEAN,5.166666666666668,0
2492199,winter light,1963,Tomas,16,Tomas,TOMAS,5.166666666666666,0
3947,blue velvet,1986,Ben,2,Ben,BEN,5.083333333333334,0
537024,eternal sunshine of the spotless mind,2004,Joel,9,Joel beckons Clementine,JOEL,5.066666666666668,0
2750041,memento,2000,Leonard,24,Leonard Shelby,LEONARD,5.066666666666666,1
4954774,cleopatra,1963,Mark,5,Mark Antony,MARK,5.000000000000002,0
75261,national lampoon's animal house,1978,Eric,2,"Eric ""Otter"" Stratton",ERIC,4.933333333333332,0
583932,a view to a kill,1985,Carl,4,Carl Mortner,CARL,4.933333333333323,0
34344124,terminator 2: judgment day,1991,Sarah,12,Sarah Connor,SARAH,4.933333333333323,0
1645634,the big sleep,1978,Philip,12,Philip Marlowe,PHILIP,4.9,0
6984559,the guns of navarone,1961,Andrea,7,Andrea Stavrou,ANDREA,4.833333333333334,1
204019,notting hill,1999,Scott,25,Anna Scott,SCOTT,4.800000000000001,0
44122,american beauty,1999,Angela,5,Angela tell Jane,ANGELA,4.800000000000001,0
1345521,high plains drifter,1973,Jim,3,Jim Duncan,JIM,4.799999999999997,0
431014,big fish,2003,Edward,25,Edward Bloom,EDWARD,4.7666666666666675,0
74930,manhattan,1979,Mary,6,Mary to Yale,MARY,4.733333333333331,1
312757,tron,1982,Kevin,15,Kevin Flynn,KEVIN,4.666666666666668,0
146236,close encounters of the third kind,1977,Ronnie,2,Ronnie,RONNIE,4.633333333333335,0
32411644,point blank,1967,Patrick,14,Patrick Werner,PATRICK,4.6,0
24314116,pirates of the caribbean: on stranger tides,2011,Jack,22,Jack Sparrow,JACK,4.566666666666666,0
32786862,inside out,2011,Jack,2,Jack,JACK,4.566666666666666,0
39311,jfk,1991,David,5,David Ferrie,DAVID,4.566666666666663,0
667372,harry potter and the goblet of fire,2005,Viktor,2,Viktor Krum,VIKTOR,4.533333333333331,0
1277918,charlie and the chocolate factory,2005,Charlie,14,Charlie Bucket,CHARLIE,4.5,0
21918632,the hangover,2009,Alan,7,Alan awaken,ALAN,4.466666666666669,0
1689394,pirates of the caribbean: at world's end,2007,Elizabeth,22,Elizabeth,ELIZABETH,4.4,0
11383001,ex machina,2007,Elizabeth,3,Elizabeth Xander,ELIZABETH,4.4,0
683486,little big man,1970,Louise,3,Louise Pendrake,LOUISE,4.4,1
697113,big trouble in little china,1986,Jack,17,Jack Burton,JACK,4.4,0
460052,mystic river,2003,Sean,2,Sean Devine,SEAN,4.399999999999999,0
9830229,rosemary's baby,1968,Roman,2,Roman Castevet,ROMAN,4.366666666666667,0
54166,indiana jones and the raiders of the lost ark,1981,René,2,René Belloq,RENE,4.266666666666669,0
6446044,for your eyes only,1981,Eric,2,Eric Kriegler,ERIC,4.266666666666669,0
654530,legends of the fall,1994,Alfred,4,Alfred,ALFRED,4.25,0
77856,mary poppins,1964,George,4,George Banks',GEORGE,4.25,1
447299,from dusk till dawn,1996,Scott,4,Scott,SCOTT,4.233333333333334,0
123417,the matrix reloaded,2003,Neo,14,Neo,NEO,4.199999999999999,1
210998,the matrix revolutions,2003,Neo,15,Neo,NEO,4.199999999999999,1
598868,mad max beyond thunderdome,1985,Max,18,Max Rockatansky,MAX,4.166666666666667,0
241171,weird science,1985,Max,9,Max,MAX,4.166666666666667,0
598868,mad max beyond thunderdome,1985,Max,2,Bartertown Max,MAX,4.166666666666667,0
4730,batman forever,1995,Edward,4,Edward Nygma,EDWARD,4.166666666666666,0
4560,braveheart,1995,Edward,3,Edward,EDWARD,4.166666666666666,0
3869329,help!,1965,George,2,George,GEORGE,4.083333333333334,1
4836572,oliver!,1968,Nancy,16,Nancy,NANCY,4.066666666666666,0
2492199,winter light,1963,Jonas,4,Jonas Persson,JONAS,4.0,1
228274,the last samurai,2003,Nathan,22,Nathan Algren,NATHAN,4.0,0
73441,e.t. the extra-terrestrial,1982,Mary,2,Mary,MARY,4.0,0
302970,edward scissorhands,1990,Edward,31,Edward,EDWARD,4.0,0
5878044,picnic at hanging rock,1975,Irma,9,Irma,IRMA,4.0,0
922084,legend,1985,Jack,14,Jack,JACK,3.9333333333333336,1
74537,brazil,1985,Jack,4,Jack Lint,JACK,3.9333333333333336,1
612052,spider-man 2,2004,Otto,5,Otto Octavius,OTTO,3.8666666666666663,0
999394,pirates of the caribbean: dead man's chest,2006,Tia,3,Tia Dalma,TIA,3.833333333333334,0
2158246,jules and jim,1962,Catherine,15,Catherine,CATHERINE,3.833333333333334,0
51888,indiana jones and the last crusade,1989,Henry,4,Henry Jones,HENRY,3.833333333333334,1
235418,lethal weapon,1987,Joshua,12,Joshua,JOSHUA,3.799999999999999,0
23830211,requiem for a dream,2000,Marion,3,Marion Silver,MARION,3.7666666666666693,0
33509716,21 jump street,2012,Molly,2,Molly,MOLLY,3.7666666666666693,0
129602,awakenings,1990,Leonard,17,Leonard Lowe,LEONARD,3.75,0
2021400,the 40-year-old virgin,2005,Amy,2,Amy,AMY,3.7333333333333343,0
58865,wall street,1987,Carl,3,Carl,CARL,3.7333333333333343,0
62668,the ring,2002,Morgan,7,Anna Morgan,MORGAN,3.6999999999999993,0
72453,signs,2002,Morgan,11,Morgan,MORGAN,3.6999999999999993,0
2829485,the neverending story,1984,Bastian,6,Bastian Bux,BASTIAN,3.666666666666667,1
213275,back to the future part iii,1990,Clara,10,Clara Clayton,CLARA,3.666666666666666,0
6446071,from russia with love,1963,Tatiana,4,Tatiana Romanova,TATIANA,3.666666666666666,0
242539,an officer and a gentleman,1982,Paula,6,Paula Pokrifki,PAULA,3.6000000000000005,0
81503,indiana jones and the temple of doom,1984,Scott,7,Willie Scott,SCOTT,3.583333333333334,0
29942,the graduate,1967,Carl,5,Carl,CARL,3.5333333333333385,0
1353086,the fearless vampire killers,1967,Sarah,9,Sarah,SARAH,3.533333333333334,0
4728,batman returns,1992,Selina,2,Selina Kyle,SELINA,3.5333333333333323,1
30582,the sixth sense,1999,Vincent,4,Vincent Gray,VINCENT,3.5,0
18057739,(500) days of summer,2009,Finn,8,Summer Finn,FINN,3.5,0
73467,five easy pieces,1970,Catherine,4,Catherine Van Oost,CATHERINE,3.466666666666667,0
42886,gattaca,1997,Vincent,26,Vincent of fraud,VINCENT,3.4333333333333336,0
3569822,a beautiful mind,2001,Sol,2,Richard Sol,SOL,3.433333333333332,0
633052,inglourious basterds,2009,Joseph,2,Joseph Goebbels,JOSEPH,3.416666666666666,0
445066,robocop,1987,Alex,6,Alex Murphy,ALEX,3.3666666666666654,0
442308,once upon a time in america,1984,Max,21,Max Bercovicz,MAX,3.333333333333334,0
22144721,iron man 2,2010,James,5,James Rhodes,JAMES,3.333333333333334,0
453236,fast times at ridgemont high,1982,Charles,2,Charles Jefferson,CHARLES,3.3000000000000007,0
1689394,pirates of the caribbean: at world's end,2007,Jack,26,Jack Sparrow,JACK,3.25,0
3185575,the color purple,1985,Albert,19,Albert Johnson,ALBERT,3.2333333333333343,0
45481,soylent green,1973,William,10,William R. Simonson,WILLIAM,3.1999999999999993,0
2609169,the pink panther,1963,George,5,George,GEORGE,3.1999999999999993,0
62440,the sting,1973,William,2,William Snyder,WILLIAM,3.1999999999999993,0
1048695,dracula,1979,Abraham,8,Abraham Van Helsing,ABRAHAM,3.166666666666667,0
58147,the manchurian candidate,1962,Marco,11,Bennett Marco,MARCO,3.166666666666667,0
9979,eyes wide shut,1999,Arthur,3,Arthur Schnitzler's,ARTHUR,3.166666666666666,0
4607980,to kill a mockingbird,1962,Jean,8,"Jean Louise ""Scout",JEAN,3.166666666666666,0
91133,the karate kid,1984,Ali,2,Ali Mills,ALI,3.066666666666677,0
347000,suspiria,1977,Helena,2,Helena Markos,HELENA,3.066666666666668,0
4846576,american psycho,2000,Elizabeth,2,Elizabeth,ELIZABETH,3.0666666666666664,0
267848,scarface,1983,Gina,12,Gina,GINA,3.0666666666666664,0
473273,jurassic park iii,2001,Alan,3,Alan Grant,ALAN,3.033333333333333,0
2609169,the pink panther,1963,Simone,11,"Charles, Simone",SIMONE,3.0,1
930379,casino royale,2006,Mathis,2,Rene Mathis,MATHIS,3.0,0
9019882,casino royale,2006,Mathis,2,Valerie Mathis,MATHIS,3.0,0
4836572,oliver!,1968,Oliver,48,Oliver Twist,OLIVER,3.0,0
1556135,torn curtain,1966,Sarah,6,Sarah Sherman,SARAH,3.0,0
158052,"aguirre, the wrath of god",1972,Fernando,4,Don Fernando de Guzman,FERNANDO,3.0,0
2274938,friday the 13th part 2,1981,Alice,2,Alice L. Hardy,ALICE,2.9666666666666686,0
666923,the lost world: jurassic park,1997,Ian,16,Ian Malcolm,IAN,2.966666666666666,0
9377241,who's afraid of virginia woolf?,1966,George,34,George cajoles,GEORGE,2.916666666666666,1
2236472,transformers,2007,Sam,16,Sam Witwicky,SAM,2.8666666666666654,0
899442,charade,1963,Brian,2,Brian Cruikshank,BRIAN,2.833333333333334,0
264851,marnie,1964,Mark,4,Mark Rutland,MARK,2.833333333333332,0
9309429,the hustler,1961,Sarah,8,Sarah Packard,SARAH,2.8,1
667372,harry potter and the goblet of fire,2005,Peter,5,"Peter ""Wormtail"" Pettigrew and Barty Crouch Jr.",PETER,2.7666666666666657,0
1880660,"the chronicles of narnia: the lion, the witch and the wardrobe",2005,Peter,18,Peter,PETER,2.7666666666666657,0
255898,mad max,1979,Max,16,Max Rockatansky,MAX,2.75,0
309070,the dirty dozen,1967,Victor,7,Victor Franko,VICTOR,2.7333333333333325,0
8138535,barefoot in the park,1967,Victor,13,Victor Velasco,VICTOR,2.7333333333333325,0
23295795,the hangover: part ii,2011,Alan,10,Alan Garner,ALAN,2.7333333333333307,0
51906,breakfast at tiffany's,1961,José,5,José da Silva Pereira,JOSE,2.666666666666668,0
219712,final destination,2000,Alex,16,Alex and Clear,ALEX,2.666666666666668,0
66870,annie hall,1977,Annie,8,Soon Annie,ANNIE,2.666666666666666,0
695227,lethal weapon 2,1989,Leo,9,Leo Getz,LEO,2.666666666666666,0
751724,i spit on your grave,1978,Matthew,13,Matthew hides,MATTHEW,2.6333333333333346,0
5735396,invasion of the body snatchers,1978,Matthew,16,Matthew Bennell,MATTHEW,2.6333333333333346,0
18841979,the blair witch project,1999,Leonard,9,Joshua Leonard,LEONARD,2.6333333333333346,0
75270,the outlaw josey wales,1976,James,2,James H. Lane's Redlegs,JAMES,2.633333333333333,0
4728,batman returns,1992,Max,4,Max Shreck,MAX,2.6000000000000014,0
5667453,the flight of the phoenix,1965,Gabriel,4,Gabriel,GABRIEL,2.583333333333333,1
129619,ghost,1990,Carl,20,Carl Bruner,CARL,2.566666666666677,0
5878044,picnic at hanging rock,1975,Michael,12,Michael Fitzhubert,MICHAEL,2.566666666666677,0
226198,sleepless in seattle,1993,Annie,16,Annie Reed,ANNIE,2.5666666666666664,0
25506,raging bull,1980,Tony,2,Tony Janiro,TONY,2.566666666666663,0
431014,big fish,2003,Joséphine,2,Joséphine,JOSEPHINE,2.533333333333334,0
451866,mission: impossible ii,2000,Sean,16,Sean Ambrose,SEAN,2.5333333333333314,0
2809621,the prestige,2006,Sarah,3,Sarah,SARAH,2.5333333333333314,0
560511,stripes,1981,Louise,4,Louise,LOUISE,2.4666666666666686,0
707808,snatch,2000,Sol,7,Sol,SOL,2.4666666666666686,0
1803595,the changeling,1980,Joseph,6,Joseph Carmichael,JOSEPH,2.4333333333333336,0
99454,patton,1970,Omar,3,Omar Bradley,OMAR,2.366666666666667,0
23265233,independence day,1983,Mary,2,Mary Ann Taylor's,MARY,2.3333333333333357,0
3920193,no country for old men,2007,Carla,3,Carla Jean,CARLA,2.333333333333334,0
320401,barton fink,1991,Charlie,3,Charlie Meadows,CHARLIE,2.333333333333333,0
18717177,shrek,2001,Fiona,24,Fiona,FIONA,2.2666666666666666,0
97646,die hard,1988,Marco,3,Marco,MARCO,2.2666666666666657,0
667945,persona,1966,Alma,22,Alma,ALMA,2.25,1
54175,saturday night fever,1977,Stephanie,2,Stephanie Mangano,STEPHANIE,2.25,0
321496,pirates of the caribbean: the curse of the black pearl,2003,Jack,33,Jack Sparrow,JACK,2.1999999999999993,0
5718787,the sons of katie elder,1965,Morgan,8,Morgan Hastings,MORGAN,2.166666666666666,0
999394,pirates of the caribbean: dead man's chest,2006,Jack,2,Jack Sparrow,JACK,2.166666666666666,0
999394,pirates of the caribbean: dead man's chest,2006,Jack,20,Realizing Jack,JACK,2.166666666666666,0
899442,charade,1963,Herman,3,Herman Scobie,HERMAN,2.166666666666666,0
3700174,jumanji,1995,Alan,19,Alan Parrish,ALAN,2.1333333333333346,0
43566,heat,1995,Alan,2,Alan Marciano,ALAN,2.1333333333333346,0
19701,monty python and the holy grail,1974,Robin,4,Robin,ROBIN,2.1000000000000014,0
43566,heat,1995,Vincent,5,Vincent Hanna,VINCENT,2.0999999999999996,0
3071743,star trek,2009,James,17,James Tiberius Kirk,JAMES,2.0999999999999996,0
20179415,halloween,1978,Annie,8,Annie Brackett,ANNIE,2.0999999999999996,0
537416,ace ventura: when nature calls,1995,Vincent,2,Vincent Cadby,VINCENT,2.0999999999999996,0
57820,donnie darko,2001,Elizabeth,3,Elizabeth,ELIZABETH,2.0999999999999996,0
2982688,x-men origins: wolverine,2009,James,6,James  defends,JAMES,2.0999999999999996,0
18841979,the blair witch project,1999,Joshua,9,Joshua Leonard,JOSHUA,2.0666666666666664,0
4608223,west side story,1961,Tony,49,Tony Wycek,TONY,2.0,0
8031432,the curious case of benjamin button,2008,Benjamin,20,Benjamin Button,BENJAMIN,2.0,0
3727473,man on fire,1987,Samantha,4,"Samantha ""Sam"" Balletto",SAMANTHA,1.916666666666666,0
11077335,doctor zhivago,1965,Victor,6,Victor Komarovsky,VICTOR,1.9000000000000004,0
456587,videodrome,1983,Max,21,Max Renn,MAX,1.9000000000000004,0
97758,doctor zhivago,1965,Victor,9,Victor Ipolitovich Komarovsky,VICTOR,1.9000000000000004,0
15693005,soul,1981,Viktoria,2,Viktoria Svobodina,VIKTORIA,1.9000000000000004,0
1689394,pirates of the caribbean: at world's end,2007,James,3,James Norrington,JAMES,1.8666666666666654,0
77744,wayne's world,1992,Cassandra,9,Cassandra,CASSANDRA,1.833333333333334,1
158052,"aguirre, the wrath of god",1972,Pedro,8,Don Pedro de Ursúa,PEDRO,1.833333333333334,0
217776,"they shoot horses, don't they?",1969,Alice,3,Alice,ALICE,1.8333333333333321,0
9979,eyes wide shut,1999,Alice,5,Alice,ALICE,1.8000000000000007,0
348737,mrs. doubtfire,1993,Miranda,6,Miranda,MIRANDA,1.7999999999999998,0
3557540,the hunt for red october,1990,Jack,8,Jack Ryan,JACK,1.799999999999999,0
101910,the towering inferno,1974,Susan,2,Susan,SUSAN,1.6999999999999993,0
513149,cannibal holocaust,1980,Alan,4,Alan Yates,ALAN,1.6999999999999993,0
513149,cannibal holocaust,1980,Mark,2,Mark Tomaso,MARK,1.6999999999999993,0
216072,home alone,1990,Harry,6,Harry Lyme,HARRY,1.666666666666667,0
1145761,where eagles dare,1968,Jonathan,8,Jonathan Smith,JONATHAN,1.666666666666667,0
1880660,"the chronicles of narnia: the lion, the witch and the wardrobe",2005,Lucy,23,Lucy,LUCY,1.666666666666667,0
23941708,2001: a space odyssey,1968,Joseph,2,Joseph Gelmis,JOSEPH,1.666666666666666,0
525113,tombstone,1993,Morgan,3,Morgan,MORGAN,1.666666666666666,0
2750041,memento,2000,Edward,2,John Edward Gammell,EDWARD,1.6333333333333346,0
142049,minority report,2002,Iris,2,Iris Hineman,IRIS,1.6000000000000014,0
1186616,the shining,1980,Wendy,13,Wendy,WENDY,1.6000000000000005,0
726161,the jungle book,1994,Katherine,21,"Katherine ""Kitty""",KATHERINE,1.5999999999999996,0
1125221,national lampoon's christmas vacation,1989,Wilhelm,17,Clark Wilhelm,WILHELM,1.5999999999999996,0
25862453,the amazing spider-man,2012,Ben,7,Uncle Ben,BEN,1.5,0
963986,the bourne identity,2002,Jason,3,Jason Bourne,JASON,1.5,0
97646,die hard,1988,Harry,2,Harry Ellis,HARRY,1.5,1
3733842,seconds,1966,Marcus,2,Nora Marcus,MARCUS,1.5,1
99463,the french connection,1971,Joel,4,Joel Weinstock,JOEL,1.5,1
2422489,yellow submarine,1968,George,4,George,GEORGE,1.5,0
22144721,iron man 2,2010,Justin,2,Justin Hammer,JUSTIN,1.5,0
167599,men in black,1997,Edgar,5,Edgar,EDGAR,1.5,0
1145761,where eagles dare,1968,George,3,George Carnaby,GEORGE,1.5,0
3600824,a time to kill,1996,Harry,2,Harry Rex Vonner,HARRY,1.5,0
152328,rocky iii,1982,James,11,"James ""Clubber"" Lang",JAMES,1.4666666666666686,0
997939,kindergarten cop,1990,Rachel,10,Rachel Myatt Crisp,RACHEL,1.4000000000000004,0
431562,almost famous,2000,Ben,2,Ben Fong-Torres,BEN,1.4000000000000004,0
872441,first blood,1982,Sam,4,Sam Trautman,SAM,1.4000000000000004,0
1623960,brokeback mountain,2005,Jack,36,Jack Twist,JACK,1.3499999999999996,0
11862690,juno,2007,Mark,7,Mark,MARK,1.333333333333334,0
25080984,the king's speech,2010,George,3,George VI,GEORGE,1.333333333333333,0
1485962,the mask,1994,Charlie,3,Charlie Schumaker,CHARLIE,1.333333333333333,0
2270205,viridiana,1961,Lucia,2,Lucia,LUCIA,1.333333333333333,0
9834441,harry potter and the deathly hallows: part i,2010,George,2,George Weasley,GEORGE,1.333333333333333,0
511228,the poseidon adventure,1972,Scott,12,Frank Scott,SCOTT,1.333333333333333,0
13950959,shutter island,2010,George,3,George Noyce,GEORGE,1.333333333333333,0
442308,once upon a time in america,1984,Deborah,11,Deborah Gelly,DEBORAH,1.333333333333333,0
133648,scent of a woman,1992,Charlie,35,Charlie Simms,CHARLIE,1.333333333333333,0
129619,ghost,1990,Sam,29,Sam taunts,SAM,1.333333333333333,0
337740,bram stoker's dracula,1992,Lucy,7,Lucy Westenra,LUCY,1.333333333333333,0
6446061,live and let die,1973,Felix,2,Felix Leiter,FELIX,1.333333333333333,1
685977,sixteen candles,1984,Samantha,14,"Samantha ""Sam"" Baker",SAMANTHA,1.333333333333333,0
407178,the day after tomorrow,2004,Jack,12,Jack Hall,JACK,1.3000000000000007,0
453236,fast times at ridgemont high,1982,Mike,2,Mike Damone,MIKE,1.25,0
1385251,wedding crashers,2005,Gloria,14,Gloria,GLORIA,1.25,0
113460,platoon,1986,Francis,2,Francis,FRANCIS,1.25,0
77856,mary poppins,1964,Nanna,2,Katie Nanna,NANNA,1.25,0
535335,war of the worlds,2005,Mary,3,Mary Ann's,MARY,1.2333333333333343,0
5735396,invasion of the body snatchers,1978,Elizabeth,13,Elizabeth Driscoll,ELIZABETH,1.2333333333333307,0
142417,apollo 13,1995,Aaron,2,Controller John Aaron,AARON,1.2000000000000002,0
34130,wargames,1983,Joshua,9,Joshua,JOSHUA,1.2000000000000002,0
6223567,the man with the golden gun,1974,Francisco,2,Francisco Scaramanga,FRANCISCO,1.2000000000000002,0
2251266,ocean's eleven,2001,Danny,2,Danny Ocean,DANNY,1.2000000000000002,0
99304,pearl harbor,2001,Danny,22,Danny Walker,DANNY,1.2000000000000002,0
1519783,fantastic four,2005,Johnny,6,Johnny Storm,JOHNNY,1.1999999999999993,0
336808,ace ventura: pet detective,1994,Melissa,3,Melissa Robinson,MELISSA,1.1999999999999993,0
541642,octopussy,1983,Magda,3,Magda,MAGDA,1.166666666666667,0
33270,when harry met sally...,1989,Harry,17,Harry Burns,HARRY,1.166666666666667,1
22144721,iron man 2,2010,Mark,2,Mark II,MARK,1.166666666666666,0
24319139,the social network,2010,Mark,32,Mark Zuckerberg,MARK,1.166666666666666,0
684771,enemy of the state,1998,Sam,3,Sam Albert,SAM,1.166666666666666,0
5028092,murder on the orient express,1974,Sonia,4,Sonia Armstrong's,SONIA,1.1333333333333346,0
12319656,paint your wagon,1969,Ben,21,Ben Rumson,BEN,1.1333333333333346,0
982180,robin hood,1973,Richard,2,King Richard,RICHARD,1.1333333333333258,0
370064,love actually,2003,Sam,8,Sam,SAM,1.0999999999999996,0
174251,the lord of the rings: the return of the king,2003,Sam,12,Sam,SAM,1.0999999999999996,0
293524,beetlejuice,1988,Lydia,2,Lydia,LYDIA,1.0666666666666664,0
267848,scarface,1983,Alejandro,14,Alejandro Sosa,ALEJANDRO,1.0499999999999998,0
433285,bullitt,1968,Albert,3,Albert Rennick,ALBERT,1.0333333333333332,0
481605,batman begins,2005,James,3,James Gordon,JAMES,1.0333333333333332,0
1584998,black christmas,1974,Peter,10,Peter Smythe,PETER,1.0333333333333314,0
352795,jaws 2,1978,Eddie,2,Eddie,EDDIE,1.0,0
237303,bruce almighty,2003,Grace,5,Grace Connelly,GRACE,1.0,0
62440,the sting,1973,Henry,13,Henry Gondorff,HENRY,1.0,1
246355,manos: the hands of fate,1966,Michael,13,Michael of Torgo,MICHAEL,1.0,0
1645634,the big sleep,1978,Eddie,3,Eddie Mars,EDDIE,1.0,0
489800,rush hour,1998,James,22,Detective James Carter,JAMES,1.0,0
1556135,torn curtain,1966,Michael,12,Michael Armstrong,MICHAEL,1.0,0
142417,apollo 13,1995,Fred,6,Fred Haise,FRED,1.0,0
68374,true lies,1994,Dana,5,Dana,DANA,1.0,0
103021,midnight express,1978,Max,5,Max,MAX,1.0,0
25447258,frozen,2010,Jason,4,Jason,JASON,1.0,0
97646,die hard,1988,Theo,2,Theo,THEO,1.0,1
28269,saving private ryan,1998,James,11,James Frederick Ryan,JAMES,1.0,0
917363,love and death,1975,Boris,4,Boris Grushenko,BORIS,1.0,0
129368,rain man,1988,Susanna,2,Susanna,SUSANNA,0.9999999999999991,0
15053838,passengers,2008,Eric,4,Eric,ERIC,0.9333333333333336,0
173944,the lord of the rings: the two towers,2002,Sam,15,Sam capture Gollum,SAM,0.9333333333333336,0
32411644,point blank,1967,Werner,14,Patrick Werner,WERNER,0.9333333333333336,0
919013,two for the road,1967,Mark,12,Mark Wallace,MARK,0.9333333333333336,0
525113,tombstone,1993,Josephine,6,Josephine Marcus,JOSEPHINE,0.9333333333333327,0
8481,dressed to kill,1980,Liz,8,Liz Blake,LIZ,0.916666666666667,0
398934,10 things i hate about you,1999,Bianca,2,Bianca Stratford,BIANCA,0.9166666666666661,0
2436406,48 hrs.,1982,Jack,52,Jack about Ganz's,JACK,0.8666666666666671,0
5878044,picnic at hanging rock,1975,Edith,2,Edith,EDITH,0.8666666666666663,1
511622,vacation,1983,Catherine,2,Catherine,CATHERINE,0.8333333333333339,0
5878044,picnic at hanging rock,1975,Ben,2,Ben Hussey,BEN,0.8333333333333339,0
74830,jaws,1975,Ben,2,Ben Gardner,BEN,0.8333333333333339,0
145445,the umbrellas of cherbourg,1964,Roland,4,Roland Cassard,ROLAND,0.833333333333333,0
473273,jurassic park iii,2001,Eric,5,Eric Kirby,ERIC,0.8333333333333321,0
277006,star trek: the motion picture,1979,James,4,James T. Kirk,JAMES,0.8333333333333321,0
168561,the color of money,1986,Carmen,10,Vincent and Carmen,CARMEN,0.8000000000000007,0
101954,the english patient,1996,Hana,4,Hana,HANA,0.7999999999999998,0
473273,jurassic park iii,2001,Ben,3,Ben Hildebrand,BEN,0.7999999999999998,0
1055466,primal fear,1996,Aaron,11,Aaron Stampler,AARON,0.7999999999999998,0
29075630,the dark knight rises,2012,Selina,2,Selina Kyle,SELINA,0.7666666666666693,0
667945,persona,1966,Elisabet,5,Elisabet Vogler,ELISABET,0.7666666666666693,0
308898,a fish called wanda,1988,George,13,Otto want George,GEORGE,0.7666666666666657,0
308898,a fish called wanda,1988,George,21,George gives Ken the task,GEORGE,0.7666666666666657,0
1017650,death race 2000,1975,Annie,5,Annie,ANNIE,0.7666666666666657,0
350629,altered states,1980,Edward,2,Edward Jessup,EDWARD,0.7333333333333343,0
7074043,misery,1990,Annie,13,Annie,ANNIE,0.7333333333333343,0
54173,pulp fiction,1994,Mia,5,Mia Wallace,MIA,0.7000000000000028,0
188902,gangs of new york,2002,Jack,3,Jack Mulraney,JACK,0.6999999999999993,0
362719,superman,1978,Martha,2,Martha Kent,MARTHA,0.6999999999999993,0
168593,"good morning, vietnam",1987,Jimmy,3,Jimmy Wah's,JIMMY,0.6999999999999993,0
312757,tron,1982,Alan,2,Alan Bradley,ALAN,0.6999999999999993,0
4836239,the sound of music,1965,Georg,2,Georg von Trapp,GEORG,0.6666666666666679,0
54173,pulp fiction,1994,Marvin,2,Marvin,MARVIN,0.666666666666667,0
74868,the last picture show,1971,Sam,4,Sam the Lion's,SAM,0.666666666666667,0
4773557,slither,1973,Kitty,2,Kitty Kopetzky,KITTY,0.666666666666667,0
68485,jurassic park,1993,Ian,7,Ian Malcolm,IAN,0.6666666666666661,0
6641931,i am legend,2007,Samantha,6,Shepherd Samantha,SAMANTHA,0.6666666666666661,0
261237,the gods must be crazy,1980,Andrew,2,Andrew Steyn,ANDREW,0.6666666666666661,0
129524,field of dreams,1989,Annie,4,Annie,ANNIE,0.6666666666666661,0
447299,from dusk till dawn,1996,Kate,13,Kate,KATE,0.6500000000000004,0
1885499,au hasard balthazar,1966,Marie,4,Marie,MARIE,0.6333333333333329,0
673599,men in black ii,2002,Laura,8,Laura Vasquez,LAURA,0.6333333333333329,0
29454281,the help,2011,Stein,3,Stein,STEIN,0.6000000000000005,1
21282769,kick-ass,2010,Frank,14,Frank D'Amico,FRANK,0.6000000000000005,0
4846576,american psycho,2000,Luis,3,Luis Carruthers,LUIS,0.5999999999999996,0
451062,the dead zone,1983,Sam,2,Sam Weizak,SAM,0.5999999999999996,0
213251,alien³,1992,Aaron,3,Aaron,AARON,0.583333333333333,0
77856,mary poppins,1964,Jane,2,Jane,JANE,0.5833333333333286,0
6446044,for your eyes only,1981,Timothy,2,Timothy Havelock,TIMOTHY,0.5499999999999998,0
3569822,a beautiful mind,2001,Alicia,7,Alicia Larde,ALICIA,0.5499999999999998,0
68485,jurassic park,1993,Alan,2,Alan Grant,ALAN,0.5333333333333332,0
5676692,iron man,2008,James,3,James Rhodes,JAMES,0.5333333333333332,0
2274938,friday the 13th part 2,1981,Jason,18,Jason Voorhees,JASON,0.5333333333333332,0
16733548,the hurt locker,2008,James,18,James,JAMES,0.5333333333333332,0
99463,the french connection,1971,James,22,"James ""Popeye"" Doyle",JAMES,0.5333333333333314,0
28648635,x-men: first class,2011,Charles,3,Charles Xavier,CHARLES,0.5,0
11659396,up,2009,Charles,9,Charles F. Muntz,CHARLES,0.5,0
197558,"monsters, inc.",2001,Henry,5,Henry J. Waternoose III,HENRY,0.5,0
297111,reservoir dogs,1992,Marvin,6,Marvin Nash,MARVIN,0.5,0
268833,goldeneye,1995,Valentin,2,Valentin Zukovsky,VALENTIN,0.5,0
2029825,x-men: the last stand,2006,Charles,2,Charles Xavier,CHARLES,0.5,0
73170,aladdin,1992,Jasmine,13,Jasmine,JASMINE,0.5,0
12064359,cloverfield,2008,Jason,2,Jason,JASON,0.5,0
26742350,the addams family,1991,Abigail,11,Abigail Craven,ABIGAIL,0.5,0
3006708,hot fuzz,2007,Danny,16,Danny Butterman,DANNY,0.5,0
241171,weird science,1985,Lucy,2,Lucy,LUCY,0.5,0
51888,indiana jones and the last crusade,1989,Elsa,10,Elsa Schneider,ELSA,0.4666666666666668,0
32411644,point blank,1967,Samuel,22,Samuel Pierret,SAMUEL,0.4666666666666668,0
99123,speed,1994,Annie,11,Annie Porter,ANNIE,0.43333333333333357,0
406339,the crow,1994,Eric,37,Eric awakens,ERIC,0.43333333333333357,0
171562,american history x,1998,Danny,16,Danny watches,DANNY,0.41666666666666696,0
29454281,the help,2011,Elizabeth,6,Elizabeth,ELIZABETH,0.4166666666666661,0
54173,pulp fiction,1994,Vincent,13,Vincent Vega,VINCENT,0.40000000000000036,0
171562,american history x,1998,Ryan,2,Seth Ryan,RYAN,0.40000000000000036,0
146947,spider-man,2002,Ben,5,Ben,BEN,0.40000000000000036,0
541642,octopussy,1983,Kamal,17,Kamal Khan,KAMAL,0.40000000000000036,0
28269,saving private ryan,1998,Ryan,11,James Frederick Ryan,RYAN,0.40000000000000036,0
471370,an american werewolf in london,1981,Jack,15,Jack Goodman,JACK,0.36666666666666714,1
2021400,the 40-year-old virgin,2005,Paula,2,Paula,PAULA,0.36666666666666536,0
71415,dune,1984,Helen,2,Mother Gaius Helen Mohiam,HELEN,0.3333333333333357,0
3613070,the man who would be king,1975,Danny,14,Danny flinches,DANNY,0.33333333333333304,0
751724,i spit on your grave,1978,Jennifer,16,Jennifer Hills,JENNIFER,0.3000000000000007,0
7870124,the lion in winter,1968,Philip,2,Philip II,PHILIP,0.3000000000000007,0
10507423,marathon man,1976,Peter,3,Peter Janeway,PETER,0.29999999999999716,0
19479460,x-men,2000,Jean,3,Jean Grey,JEAN,0.25,0
103026,kramer vs. kramer,1979,Margaret,3,Margaret,MARGARET,0.25,0
1287385,million dollar baby,2004,Margaret,6,"Margaret ""Maggie"" Fitzgerald",MARGARET,0.25,0
19755481,wait until dark,1967,Mike,12,Mike Talman,MIKE,0.25,0
3217,army of darkness,1992,Arthur,5,Arthur,ARTHUR,0.25,0
4846576,american psycho,2000,Jean,3,Jean,JEAN,0.25,0
146947,spider-man,2002,Mary,11,Mary Jane Watson,MARY,0.23333333333333428,0
234537,equilibrium,2002,Mary,5,Mary O'Brien's,MARY,0.23333333333333428,0
23265233,independence day,1983,Jack,4,Jack Parker,JACK,0.2333333333333334,1
706878,the last boy scout,1991,Mike,4,Mike Matthews,MIKE,0.1999999999999993,0
15233369,slumdog millionaire,2008,Malik,6,Jamal Malik,MALIK,0.16666666666666696,0
186856,the omen,1976,Katherine,3,Katherine,KATHERINE,0.16666666666666696,0
29075630,the dark knight rises,2012,Miranda,3,Miranda Tate's,MIRANDA,0.16666666666666696,0
1186616,the shining,1980,Danny,19,Danny walks,DANNY,0.16666666666666696,0
217982,caddyshack,1980,Danny,17,Danny of Lacey,DANNY,0.16666666666666696,0
168561,the color of money,1986,Vincent,10,Vincent and Carmen,VINCENT,0.13333333333333464,0
930379,casino royale,2006,James,3,James Bond,JAMES,0.13333333333333464,0
9019882,casino royale,2006,James,2,James Bond,JAMES,0.13333333333333464,0
4597853,the devil wears prada,2006,James,2,James Holt's,JAMES,0.13333333333333464,0
2461592,casino royale,2006,James,2,James establishes Vesper,JAMES,0.13333333333333464,0
1854000,the bourne ultimatum,2007,Jason,3,Jason Bourne,JASON,0.09999999999999964,0
1048695,dracula,1979,Van,7,Mina Van Helsing,VAN,0.09999999999999964,0
1048695,dracula,1979,Van,8,Abraham Van Helsing,VAN,0.09999999999999964,0
225615,terminator 3: rise of the machines,2003,Kate,12,Kate Brewster,KATE,0.08333333333333304,0
13950959,shutter island,2010,Andrew,13,Andrew Laeddis,ANDREW,0.08333333333333304,0
2461592,casino royale,2006,Jimmy,3,Jimmy Bond,JIMMY,0.08333333333333304,0
695780,casino,1995,Sam,26,"Sam ""Ace"" Rothstein",SAM,0.033333333333333215,0
3700174,jumanji,1995,Sam,6,Sam,SAM,0.033333333333333215,0
3156200,hang 'em high,1968,Ben,4,Ben Johnson,BEN,0.033333333333333215,0
